datetime,open,high,low,close,volume
2026-01-27T18:00:00+00:00,5989.11,5993.129999999999,5985.11,5992.129999999999,289.6235046924146
2026-01-27T19:00:00+00:00,5992.129999999999,5999.119999999999,5991.11,5996.129999999999,191.2864528913709
2026-01-27T20:00:00+00:00,5996.129999999999,6000.619999999999,5978.129999999999,5983.169999999999,340.27856025039125
2026-01-28T07:00:00+00:00,5983.169999999999,6035.329999999999,5982.669999999999,6019.849999999999,638.6771844660194
2026-01-28T08:00:00+00:00,6019.849999999999,6023.329999999999,5981.829999999999,5984.829999999999,2159
2026-01-28T09:00:00+00:00,5984.829999999999,5990.849999999999,5981.339999999999,5984.329999999999,917
2026-01-28T10:00:00+00:00,5984.329999999999,5995.829999999999,5978.829999999999,5994.829999999999,608.7586206896551
2026-01-28T11:00:00+00:00,5994.829999999999,5997.849999999999,5988.829999999999,5989.839999999999,655
2026-01-28T12:00:00+00:00,5989.839999999999,5991.849999999999,5956.829999999999,5957.829999999999,1287
2026-01-28T13:00:00+00:00,5957.829999999999,5970.349999999999,5955.329999999999,5963.349999999999,963
2026-01-28T14:00:00+00:00,5963.349999999999,5967.839999999999,5940.829999999999,5941.829999999999,2379
2026-01-28T15:00:00+00:00,5941.829999999999,5953.839999999999,5931.829999999999,5936.339999999999,2002
2026-01-28T16:00:00+00:00,5936.339999999999,5945.849999999999,5922.829999999999,5923.839999999999,839.8483754512636
2026-01-28T17:00:00+00:00,5923.839999999999,5937.839999999999,5923.839999999999,5930.829999999999,415.67425766874146
2026-01-28T18:00:00+00:00,5930.829999999999,5941.839999999999,5929.829999999999,5940.339999999999,276.1839464882943
2026-01-28T19:00:00+00:00,5940.339999999999,5944.849999999999,5931.829999999999,5937.849999999999,2750
2026-01-28T20:00:00+00:00,5937.849999999999,5944.349999999999,5932.879999999999,5936.379999999999,920
2026-01-29T07:00:00+00:00,5936.379999999999,5966.339999999999,5935.879999999999,5963.339999999999,566.5628677670029
2026-01-29T08:00:00+00:00,5963.339999999999,5974.829999999999,5947.329999999999,5955.839999999999,2583
2026-01-29T09:00:00+00:00,5955.839999999999,5972.329999999999,5947.32,5947.32,1255
2026-01-29T10:00:00+00:00,5947.32,5962.339999999999,5941.32,5952.82,1050
2026-01-29T11:00:00+00:00,5952.82,5966.839999999999,5947.339999999999,5965.829999999999,834
2026-01-29T12:00:00+00:00,5965.829999999999,5967.339999999999,5952.339999999999,5954.839999999999,654
2026-01-29T13:00:00+00:00,5954.839999999999,5973.839999999999,5954.839999999999,5973.329999999999,634
2026-01-29T14:00:00+00:00,5973.329999999999,5974.329999999999,5922.32,5922.329999999999,2006
2026-01-29T15:00:00+00:00,5922.329999999999,5926.339999999999,5887.329999999999,5891.829999999999,4012
2026-01-29T16:00:00+00:00,5891.829999999999,5909.339999999999,5879.32,5902.32,3292
2026-01-29T17:00:00+00:00,5902.32,5933.339999999999,5902.32,5915.32,1985
2026-01-29T18:00:00+00:00,5915.32,5933.339999999999,5914.329999999999,5925.82,2066
2026-01-29T19:00:00+00:00,5925.82,5937.339999999999,5923.839999999999,5931.82,1195
2026-01-29T20:00:00+00:00,5931.82,5942.32,5930.339999999999,5940.869999999999,662.782704448686
2026-01-30T07:00:00+00:00,5940.869999999999,5941.369999999999,5902.2699999999995,5904.28,1088.5233132199671
2026-01-30T08:00:00+00:00,5904.28,5931.28,5896.259999999999,5930.28,1859
2026-01-30T09:00:00+00:00,5930.28,5934.2699999999995,5915.28,5918.7699999999995,840
2026-01-30T10:00:00+00:00,5918.7699999999995,5932.78,5916.2699999999995,5926.2699999999995,647
2026-01-30T11:00:00+00:00,5926.2699999999995,5956.259999999999,5924.28,5952.78,677
2026-01-30T12:00:00+00:00,5952.78,5958.28,5944.259999999999,5946.259999999999,893
2026-01-30T13:00:00+00:00,5946.259999999999,5951.28,5938.2699999999995,5939.259999999999,930
2026-01-30T14:00:00+00:00,5939.259999999999,5967.2699999999995,5937.7699999999995,5955.28,2455.8933333333334
2026-01-30T15:00:00+00:00,5955.28,5968.28,5943.28,5944.2699999999995,3824
2026-01-30T16:00:00+00:00,5944.2699999999995,5956.28,5934.759999999999,5938.2699999999995,1999
2026-01-30T17:00:00+00:00,5938.2699999999995,5947.28,5930.259999999999,5935.2699999999995,3677
2026-01-30T18:00:00+00:00,5935.2699999999995,5942.7699999999995,5915.259999999999,5939.78,2226.2463401650252
2026-01-30T19:00:00+00:00,5939.78,5949.28,5934.259999999999,5937.78,3057
2026-01-30T20:00:00+00:00,5937.78,5944.28,5930.259999999999,5937.3099999999995,1843
2026-02-02T07:00:00+00:00,5937.3099999999995,5941.8099999999995,5870.589999999999,5903.089999999999,1267.8699853587116
2026-02-02T08:00:00+00:00,5903.089999999999,5935.079999999999,5896.589999999999,5929.579999999999,1733
2026-02-02T09:00:00+00:00,5929.579999999999,5948.579999999999,5920.589999999999,5943.07,1321
2026-02-02T10:00:00+00:00,5943.07,5955.589999999999,5941.57,5954.089999999999,826
2026-02-02T11:00:00+00:00,5954.089999999999,5970.589999999999,5953.57,5970.579999999999,524
2026-02-02T12:00:00+00:00,5970.579999999999,5989.579999999999,5970.579999999999,5982.079999999999,730
2026-02-02T13:00:00+00:00,5982.079999999999,5990.589999999999,5974.57,5990.089999999999,827
2026-02-02T14:00:00+00:00,5990.089999999999,6005.589999999999,5986.57,5997.07,2418
2026-02-02T15:00:00+00:00,5997.07,6025.589999999999,5994.07,6012.589999999999,1729
2026-02-02T16:00:00+00:00,6012.589999999999,6020.589999999999,6009.579999999999,6017.07,835
2026-02-02T17:00:00+00:00,6017.07,6028.589999999999,6017.07,6026.07,415
2026-02-02T18:00:00+00:00,6026.07,6027.589999999999,6018.57,6026.079999999999,311.3383952722356
2026-02-02T19:00:00+00:00,6026.079999999999,6030.589999999999,6021.57,6022.089999999999,367.2293509098968
2026-02-02T20:00:00+00:00,6022.089999999999,6034.589999999999,6021.57,6028.619999999999,1218
2026-02-03T07:00:00+00:00,6028.619999999999,6061.259999999999,6028.119999999999,6056.749999999999,530.2345890410959
2026-02-03T08:00:00+00:00,6056.749999999999,6082.259999999999,6045.24,6072.759999999999,1382
2026-02-03T09:00:00+00:00,6072.759999999999,6079.249999999999,6042.249999999999,6048.74,784
2026-02-03T10:00:00+00:00,6048.74,6057.24,6032.259999999999,6035.759999999999,606
2026-02-03T11:00:00+00:00,6035.759999999999,6036.759999999999,6027.24,6035.749999999999,620
2026-02-03T12:00:00+00:00,6035.749999999999,6042.249999999999,6029.24,6029.259999999999,618
2026-02-03T13:00:00+00:00,6029.259999999999,6032.259999999999,6015.249999999999,6017.759999999999,540
2026-02-03T14:00:00+00:00,6017.759999999999,6019.249999999999,5986.24,5986.249999999999,1654
2026-02-03T15:00:00+00:00,5986.249999999999,6004.259999999999,5982.24,6001.24,3862
2026-02-03T16:00:00+00:00,6001.24,6005.249999999999,5993.24,5999.259999999999,1585
2026-02-03T17:00:00+00:00,5999.259999999999,6000.259999999999,5979.24,5981.74,2976
2026-02-03T18:00:00+00:00,5981.74,5991.259999999999,5959.249999999999,5959.249999999999,2319
2026-02-03T19:00:00+00:00,5959.249999999999,5971.259999999999,5950.24,5969.249999999999,3086
2026-02-03T20:00:00+00:00,5969.249999999999,5992.249999999999,5962.249999999999,5990.299999999999,1677
2026-02-04T07:00:00+00:00,5990.299999999999,6018.11,5990.299999999999,6012.099999999999,556.1938461538462
2026-02-04T08:00:00+00:00,6012.099999999999,6024.61,5996.099999999999,5997.589999999999,1604
2026-02-04T09:00:00+00:00,5997.589999999999,6001.11,5981.589999999999,5998.599999999999,1119
2026-02-04T10:00:00+00:00,5998.599999999999,6019.61,5997.599999999999,6017.589999999999,755
2026-02-04T11:00:00+00:00,6017.589999999999,6034.61,6011.589999999999,6032.61,635.4382183908046
2026-02-04T12:00:00+00:00,6032.61,6038.61,6013.589999999999,6017.089999999999,903.4558248631744
2026-02-04T13:00:00+00:00,6017.089999999999,6020.61,6009.589999999999,6015.099999999999,1113
2026-02-04T14:00:00+00:00,6015.099999999999,6028.589999999999,6004.589999999999,6010.089999999999,3841
2026-02-04T15:00:00+00:00,6010.089999999999,6026.61,5998.589999999999,6003.61,6671
2026-02-04T16:00:00+00:00,6003.61,6006.11,5965.599999999999,5981.599999999999,2448
2026-02-04T17:00:00+00:00,5981.599999999999,5984.099999999999,5948.589999999999,5962.599999999999,4382
2026-02-04T18:00:00+00:00,5962.599999999999,5970.61,5948.599999999999,5963.589999999999,3411
2026-02-04T19:00:00+00:00,5963.589999999999,5987.589999999999,5955.589999999999,5983.089999999999,3113
2026-02-04T20:00:00+00:00,5983.089999999999,5985.61,5966.65,5974.159999999999,1455
2026-02-05T07:00:00+00:00,5974.159999999999,5991.469999999999,5970.659999999999,5978.98,714.5841784989858
2026-02-05T08:00:00+00:00,5978.98,6005.48,5962.959999999999,5964.459999999999,2378
2026-02-05T09:00:00+00:00,5964.459999999999,5974.469999999999,5948.48,5957.459999999999,1208
2026-02-05T10:00:00+00:00,5957.459999999999,5972.48,5948.459999999999,5968.959999999999,831
2026-02-05T11:00:00+00:00,5968.959999999999,5976.469999999999,5962.459999999999,5972.48,884
2026-02-05T12:00:00+00:00,5972.48,5980.48,5920.459999999999,5930.469999999999,2668
2026-02-05T13:00:00+00:00,5930.469999999999,5938.98,5909.459999999999,5911.98,2682
2026-02-05T14:00:00+00:00,5911.98,5945.48,5896.469999999999,5920.48,7597
2026-02-05T15:00:00+00:00,5920.48,5924.469999999999,5896.459999999999,5906.959999999999,9154
2026-02-05T16:00:00+00:00,5906.959999999999,5944.469999999999,5897.469999999999,5942.969999999999,4698
2026-02-05T17:00:00+00:00,5942.969999999999,5951.48,5924.459999999999,5935.469999999999,4899
2026-02-05T18:00:00+00:00,5935.469999999999,5940.969999999999,5915.459999999999,5923.459999999999,3344
2026-02-05T19:00:00+00:00,5923.459999999999,5938.48,5919.469999999999,5927.98,3001
2026-02-05T20:00:00+00:00,5927.98,5938.98,5913.459999999999,5916.509999999999,2861
2026-02-06T07:00:00+00:00,5916.509999999999,5927.329999999999,5903.82,5927.329999999999,887.1392476137001
2026-02-06T08:00:00+00:00,5927.329999999999,5934.339999999999,5905.329999999999,5922.32,2705
2026-02-06T09:00:00+00:00,5922.32,5954.339999999999,5916.32,5941.32,1893
2026-02-06T10:00:00+00:00,5941.32,5960.839999999999,5937.32,5959.339999999999,1003
2026-02-06T11:00:00+00:00,5959.339999999999,5973.829999999999,5958.339999999999,5969.82,754.7173501577287
2026-02-06T12:00:00+00:00,5969.82,5975.339999999999,5958.829999999999,5960.339999999999,975
2026-02-06T13:00:00+00:00,5960.339999999999,5971.339999999999,5954.82,5957.82,953
2026-02-06T14:00:00+00:00,5957.82,5993.329999999999,5955.32,5981.32,3135
2026-02-06T15:00:00+00:00,5981.32,5997.32,5972.32,5993.82,4981
2026-02-06T16:00:00+00:00,5993.82,6003.339999999999,5990.82,5994.339999999999,1105
2026-02-06T17:00:00+00:00,5994.339999999999,6007.329999999999,5992.329999999999,6002.32,1292
2026-02-06T18:00:00+00:00,6002.32,6006.339999999999,5998.32,6001.32,732
2026-02-06T19:00:00+00:00,6001.32,6005.339999999999,6000.32,6002.32,725.7427157779
2026-02-06T20:00:00+00:00,6002.32,6017.339999999999,6000.829999999999,6015.889999999999,575.5964353914704
2026-02-09T07:00:00+00:00,6015.889999999999,6030.28,6013.889999999999,6020.78,435.05082319255547
2026-02-09T08:00:00+00:00,6020.78,6042.78,6018.259999999999,6020.2699999999995,850
2026-02-09T09:00:00+00:00,6020.2699999999995,6024.28,6011.2699999999995,6012.78,513
2026-02-09T10:00:00+00:00,6012.78,6014.28,5996.259999999999,6008.259999999999,654
2026-02-09T11:00:00+00:00,6008.259999999999,6017.28,6004.259999999999,6015.28,669
2026-02-09T12:00:00+00:00,6015.28,6019.28,6009.28,6015.759999999999,542.4488188976378
2026-02-09T13:00:00+00:00,6015.759999999999,6023.28,6015.259999999999,6017.28,461
2026-02-09T14:00:00+00:00,6017.28,6030.28,6009.259999999999,6024.78,2529.8699019101705
2026-02-09T15:00:00+00:00,6024.78,6054.28,6022.7699999999995,6052.759999999999,806
2026-02-09T16:00:00+00:00,6052.759999999999,6066.28,6051.78,6061.28,326
2026-02-09T17:00:00+00:00,6061.28,6064.78,6058.2699999999995,6059.2699999999995,293.6814449917898
2026-02-09T18:00:00+00:00,6059.2699999999995,6064.2699999999995,6050.259999999999,6061.2699999999995,574.0456255189708
2026-02-09T19:00:00+00:00,6061.2699999999995,6069.259999999999,6060.259999999999,6067.28,328.2921274403434
2026-02-09T20:00:00+00:00,6067.28,6068.28,6061.28,6062.329999999999,479.824051698105
2026-02-10T07:00:00+00:00,6062.329999999999,6070.459999999999,6051.959999999999,6069.449999999999,249.89111619067188
2026-02-10T08:00:00+00:00,6069.449999999999,6069.459999999999,6049.949999999999,6063.949999999999,967
2026-02-10T09:00:00+00:00,6063.949999999999,6082.949999999999,6063.949999999999,6071.959999999999,524
2026-02-10T10:00:00+00:00,6071.959999999999,6075.469999999999,6060.469999999999,6064.959999999999,358
2026-02-10T11:00:00+00:00,6064.959999999999,6075.969999999999,6060.949999999999,6071.459999999999,374.75487115021997
2026-02-10T12:00:00+00:00,6071.459999999999,6077.969999999999,6064.949999999999,6066.959999999999,494.31564245810057
2026-02-10T13:00:00+00:00,6066.959999999999,6072.969999999999,6059.969999999999,6068.469999999999,695.0751206064783
2026-02-10T14:00:00+00:00,6068.469999999999,6071.959999999999,6054.469999999999,6069.949999999999,1313
2026-02-10T15:00:00+00:00,6069.949999999999,6071.969999999999,6054.949999999999,6057.449999999999,1202
2026-02-10T16:00:00+00:00,6057.449999999999,6060.949999999999,6047.969999999999,6059.449999999999,976
2026-02-10T17:00:00+00:00,6059.449999999999,6066.959999999999,6054.459999999999,6065.469999999999,419.09355442748443
2026-02-10T18:00:00+00:00,6065.469999999999,6065.469999999999,6051.949999999999,6056.949999999999,908.396875
2026-02-10T19:00:00+00:00,6056.949999999999,6060.969999999999,6055.949999999999,6058.949999999999,1025.026178010471
2026-02-10T20:00:00+00:00,6058.949999999999,6058.969999999999,6042.949999999999,6046.0199999999995,919
2026-02-11T07:00:00+00:00,6046.0199999999995,6059.82,6046.0199999999995,6049.799999999999,502.7791500890918
2026-02-11T08:00:00+00:00,6049.799999999999,6059.8099999999995,6026.799999999999,6029.299999999999,1480
2026-02-11T09:00:00+00:00,6029.299999999999,6043.3099999999995,6017.82,6023.299999999999,900
2026-02-11T10:00:00+00:00,6023.299999999999,6036.82,6017.82,6036.299999999999,707
2026-02-11T11:00:00+00:00,6036.299999999999,6050.8099999999995,6036.299999999999,6038.8099999999995,578
2026-02-11T12:00:00+00:00,6038.8099999999995,6048.82,6038.32,6040.799999999999,693
2026-02-11T13:00:00+00:00,6040.799999999999,6070.82,6036.8099999999995,6066.8099999999995,1443
2026-02-11T14:00:00+00:00,6066.8099999999995,6077.8099999999995,6055.82,6062.82,2530
2026-02-11T15:00:00+00:00,6062.82,6063.82,6027.799999999999,6047.8099999999995,5280
2026-02-11T16:00:00+00:00,6047.8099999999995,6062.82,6040.799999999999,6040.82,1443
2026-02-11T17:00:00+00:00,6040.82,6068.8099999999995,6040.82,6063.299999999999,1467
2026-02-11T18:00:00+00:00,6063.299999999999,6066.82,6054.799999999999,6063.82,1242
2026-02-11T19:00:00+00:00,6063.82,6082.82,6062.8099999999995,6080.82,831
2026-02-11T20:00:00+00:00,6080.82,6088.32,6075.3099999999995,6076.849999999999,576
2026-02-12T07:00:00+00:00,6076.849999999999,6095.15,6075.849999999999,6093.169999999999,492.7298028122542
2026-02-12T08:00:00+00:00,6093.169999999999,6103.169999999999,6079.15,6090.159999999999,1782
2026-02-12T09:00:00+00:00,6090.159999999999,6097.169999999999,6077.15,6080.169999999999,973
2026-02-12T10:00:00+00:00,6080.169999999999,6082.169999999999,6070.65,6077.159999999999,534
2026-02-12T11:00:00+00:00,6077.159999999999,6083.669999999999,6073.15,6080.65,411
2026-02-12T12:00:00+00:00,6080.65,6087.15,6077.15,6086.15,461
2026-02-12T13:00:00+00:00,6086.15,6092.159999999999,6082.169999999999,6086.659999999999,485
2026-02-12T14:00:00+00:00,6086.659999999999,6093.169999999999,6076.15,6078.159999999999,1549
2026-02-12T15:00:00+00:00,6078.159999999999,6086.169999999999,6052.15,6052.15,2365
2026-02-12T16:00:00+00:00,6052.15,6053.159999999999,6007.15,6025.659999999999,4250
2026-02-12T17:00:00+00:00,6025.659999999999,6032.169999999999,6002.169999999999,6011.669999999999,3965
2026-02-12T18:00:00+00:00,6011.669999999999,6031.169999999999,6007.159999999999,6026.15,2676
2026-02-12T19:00:00+00:00,6026.15,6035.159999999999,6024.15,6029.169999999999,2090
2026-02-12T20:00:00+00:00,6029.169999999999,6033.169999999999,6005.15,6010.709999999999,1601
2026-02-13T07:00:00+00:00,6010.709999999999,6024.48,6010.709999999999,6013.98,742.7154195011337
2026-02-13T08:00:00+00:00,6013.98,6022.49,5985.469999999999,6016.98,2420
2026-02-13T09:00:00+00:00,6016.98,6021.48,6000.469999999999,6008.98,1297
2026-02-13T10:00:00+00:00,6008.98,6014.49,5990.469999999999,5992.969999999999,1291
2026-02-13T11:00:00+00:00,5992.969999999999,5995.48,5979.469999999999,5994.48,1488
2026-02-13T12:00:00+00:00,5994.48,5998.49,5968.48,5978.969999999999,1674
2026-02-13T13:00:00+00:00,5978.969999999999,6003.49,5969.469999999999,5995.969999999999,2725
2026-02-13T14:00:00+00:00,5995.969999999999,6005.49,5963.469999999999,5979.48,7082
2026-02-13T15:00:00+00:00,5979.48,6009.49,5977.469999999999,5994.48,7991
2026-02-13T16:00:00+00:00,5994.48,6008.49,5987.469999999999,5995.99,2654
2026-02-13T17:00:00+00:00,5995.99,6009.48,5992.49,6000.469999999999,1822
2026-02-13T18:00:00+00:00,6000.469999999999,6008.469999999999,5992.48,5998.969999999999,2025
2026-02-13T19:00:00+00:00,5998.969999999999,6005.49,5985.48,5986.98,1802
2026-02-13T20:00:00+00:00,5986.98,5995.99,5975.469999999999,5993.5199999999995,2372
2026-02-16T07:00:00+00:00,5993.5199999999995,6017.289999999999,5992.5199999999995,6016.789999999999,391.57186544342505
2026-02-16T08:00:00+00:00,6016.789999999999,6021.799999999999,6005.78,6015.789999999999,1712
2026-02-16T09:00:00+00:00,6015.789999999999,6025.799999999999,6010.789999999999,6016.789999999999,804
2026-02-16T10:00:00+00:00,6016.789999999999,6017.78,6004.78,6011.78,490
2026-02-16T11:00:00+00:00,6011.78,6015.799999999999,6004.789999999999,6009.789999999999,385
2026-02-16T12:00:00+00:00,6009.789999999999,6017.28,6005.78,6011.799999999999,507.0460405156538
2026-02-16T13:00:00+00:00,6011.799999999999,6013.799999999999,6002.799999999999,6005.789999999999,494
2026-02-16T14:00:00+00:00,6005.789999999999,6005.789999999999,5990.78,5995.78,1321
2026-02-16T15:00:00+00:00,5995.78,6004.789999999999,5988.78,5990.789999999999,1006
2026-02-16T16:00:00+00:00,5990.789999999999,6000.799999999999,5986.78,5997.78,639.6860189573459
2026-02-16T17:00:00+00:00,5997.78,6000.799999999999,5996.78,5999.28,246.54305760737878
2026-02-16T18:00:00+00:00,5999.28,6000.78,5997.78,5997.78,108.37605189400358
2026-02-16T19:00:00+00:00,5997.78,5998.799999999999,5996.78,5996.78,128.20242615980703
2026-02-16T20:00:00+00:00,5996.78,5997.799999999999,5995.78,5997.289999999999,111.66877085488417
2026-02-17T07:00:00+00:00,5997.289999999999,5999.789999999999,5959.61,5972.619999999999,519.1926977687626
2026-02-17T08:00:00+00:00,5972.619999999999,5997.61,5971.619999999999,5987.129999999999,1444
2026-02-17T09:00:00+00:00,5987.129999999999,6002.119999999999,5985.61,6000.11,897
2026-02-17T10:00:00+00:00,6000.11,6003.61,5980.629999999999,5982.119999999999,592.0468890892696
2026-02-17T11:00:00+00:00,5982.119999999999,5997.629999999999,5975.61,5994.61,752
2026-02-17T12:00:00+00:00,5994.61,5996.619999999999,5972.61,5973.629999999999,790
2026-02-17T13:00:00+00:00,5973.629999999999,5996.629999999999,5962.61,5981.619999999999,1719
2026-02-17T14:00:00+00:00,5981.619999999999,6016.629999999999,5981.619999999999,5988.119999999999,4381
2026-02-17T15:00:00+00:00,5988.119999999999,6012.629999999999,5987.129999999999,6009.129999999999,7367
2026-02-17T16:00:00+00:00,6009.129999999999,6037.629999999999,6007.11,6035.61,2075
2026-02-17T17:00:00+00:00,6035.61,6036.629999999999,6012.61,6023.629999999999,3278
2026-02-17T18:00:00+00:00,6023.629999999999,6046.61,6017.629999999999,6043.619999999999,2271
2026-02-17T19:00:00+00:00,6043.619999999999,6048.629999999999,6040.61,6041.119999999999,941
2026-02-17T20:00:00+00:00,6041.119999999999,6044.629999999999,6036.619999999999,6040.179999999999,1066
2026-02-18T07:00:00+00:00,6040.179999999999,6046.879999999999,6038.179999999999,6042.369999999999,500.2375550087977
2026-02-18T08:00:00+00:00,6042.369999999999,6073.86,6041.879999999999,6071.879999999999,993
2026-02-18T09:00:00+00:00,6071.879999999999,6077.879999999999,6057.86,6074.879999999999,562
2026-02-18T10:00:00+00:00,6074.879999999999,6090.869999999999,6073.879999999999,6089.879999999999,371
2026-02-18T11:00:00+00:00,6089.879999999999,6092.869999999999,6076.86,6078.869999999999,380
2026-02-18T12:00:00+00:00,6078.869999999999,6088.879999999999,6071.86,6082.869999999999,630
2026-02-18T13:00:00+00:00,6082.869999999999,6082.869999999999,6061.869999999999,6064.879999999999,585.2287234042553
2026-02-18T14:00:00+00:00,6064.879999999999,6093.879999999999,6059.879999999999,6091.879999999999,2323
2026-02-18T15:00:00+00:00,6091.879999999999,6113.879999999999,6091.879999999999,6113.879999999999,1279
2026-02-18T16:00:00+00:00,6113.879999999999,6115.879999999999,6106.86,6108.879999999999,697
2026-02-18T17:00:00+00:00,6108.879999999999,6117.86,6104.86,6115.869999999999,469.49597024178547
2026-02-18T18:00:00+00:00,6115.869999999999,6120.86,6102.86,6109.369999999999,821
2026-02-18T19:00:00+00:00,6109.369999999999,6112.879999999999,6089.86,6093.86,1813
2026-02-18T20:00:00+00:00,6093.86,6107.879999999999,6088.86,6103.909999999999,1298
2026-02-19T07:00:00+00:00,6103.909999999999,6111.57,6099.0599999999995,6101.049999999999,527.7350246030776
2026-02-19T08:00:00+00:00,6101.049999999999,6104.07,6077.049999999999,6079.07,1322
2026-02-19T09:00:00+00:00,6079.07,6087.57,6067.049999999999,6069.57,1028
2026-02-19T10:00:00+00:00,6069.57,6070.049999999999,6054.549999999999,6062.07,1020
2026-02-19T11:00:00+00:00,6062.07,6072.0599999999995,6056.049999999999,6059.0599999999995,502
2026-02-19T12:00:00+00:00,6059.0599999999995,6065.07,6053.049999999999,6059.049999999999,689.7446183953033
2026-02-19T13:00:00+00:00,6059.049999999999,6063.07,6044.049999999999,6052.0599999999995,626
2026-02-19T14:00:00+00:00,6052.0599999999995,6054.07,6036.049999999999,6046.07,3078
2026-02-19T15:00:00+00:00,6046.07,6064.07,6042.049999999999,6056.57,3230
2026-02-19T16:00:00+00:00,6056.57,6065.0599999999995,6046.049999999999,6057.0599999999995,1265
2026-02-19T17:00:00+00:00,6057.0599999999995,6061.07,6047.049999999999,6049.07,2419
2026-02-19T18:00:00+00:00,6049.07,6063.0599999999995,6046.049999999999,6061.57,981
2026-02-19T19:00:00+00:00,6061.57,6062.07,6051.0599999999995,6057.07,916.5221941537351
2026-02-19T20:00:00+00:00,6057.07,6070.07,6056.5599999999995,6069.119999999999,934.604958677686
2026-02-20T07:00:00+00:00,6069.119999999999,6083.829999999999,6069.119999999999,6080.329999999999,421.0894828803349
2026-02-20T08:00:00+00:00,6080.329999999999,6089.339999999999,6066.32,6089.329999999999,1360
2026-02-20T09:00:00+00:00,6089.329999999999,6102.339999999999,6088.32,6093.329999999999,663
2026-02-20T10:00:00+00:00,6093.329999999999,6101.329999999999,6089.839999999999,6095.339999999999,479
2026-02-20T11:00:00+00:00,6095.339999999999,6097.339999999999,6085.82,6092.82,644.7274826789838
2026-02-20T12:00:00+00:00,6092.82,6092.82,6080.329999999999,6082.829999999999,614.9587995930824
2026-02-20T13:00:00+00:00,6082.829999999999,6093.329999999999,6080.339999999999,6090.82,675.8898665352815
2026-02-20T14:00:00+00:00,6090.82,6113.339999999999,6087.329999999999,6109.839999999999,1808
2026-02-20T15:00:00+00:00,6109.839999999999,6155.339999999999,6105.82,6139.32,7536
2026-02-20T16:00:00+00:00,6139.32,6147.339999999999,6129.82,6140.339999999999,1726
2026-02-20T17:00:00+00:00,6140.339999999999,6143.339999999999,6118.329999999999,6133.32,2568
2026-02-20T18:00:00+00:00,6133.32,6146.339999999999,6121.829999999999,6144.339999999999,2851
2026-02-20T19:00:00+00:00,6144.339999999999,6145.339999999999,6134.32,6134.32,1434
2026-02-20T20:00:00+00:00,6134.32,6146.339999999999,6134.32,6144.389999999999,895
2026-02-23T07:00:00+00:00,6144.389999999999,6146.889999999999,6114.209999999999,6120.199999999999,667.9190110826939
2026-02-23T08:00:00+00:00,6120.199999999999,6132.209999999999,6113.19,6132.209999999999,1245
2026-02-23T09:00:00+00:00,6132.209999999999,6141.19,6129.19,6131.209999999999,720
2026-02-23T10:00:00+00:00,6131.209999999999,6145.19,6112.69,6141.199999999999,875
2026-02-23T11:00:00+00:00,6141.199999999999,6145.209999999999,6134.209999999999,6138.69,464
2026-02-23T12:00:00+00:00,6138.69,6142.209999999999,6127.19,6132.699999999999,493
2026-02-23T13:00:00+00:00,6132.699999999999,6146.209999999999,6128.209999999999,6143.209999999999,487
2026-02-23T14:00:00+00:00,6143.209999999999,6164.209999999999,6143.209999999999,6155.199999999999,1871
2026-02-23T15:00:00+00:00,6155.199999999999,6161.209999999999,6122.69,6123.69,2560
2026-02-23T16:00:00+00:00,6123.69,6134.709999999999,6111.19,6126.709999999999,1832
2026-02-23T17:00:00+00:00,6126.709999999999,6129.209999999999,6107.19,6121.199999999999,1653
2026-02-23T18:00:00+00:00,6121.199999999999,6136.209999999999,6120.19,6123.199999999999,954.2053535757092
2026-02-23T19:00:00+00:00,6123.199999999999,6126.209999999999,6117.19,6122.209999999999,1197
2026-02-23T20:00:00+00:00,6122.209999999999,6130.24,6121.209999999999,6128.759999999999,788.7062650331256
2026-02-24T07:00:00+00:00,6128.759999999999,6139.089999999999,6119.069999999999,6121.069999999999,536.7806413699448
2026-02-24T08:00:00+00:00,6121.069999999999,6122.089999999999,6094.069999999999,6100.589999999999,2054
2026-02-24T09:00:00+00:00,6100.589999999999,6114.089999999999,6097.069999999999,6114.069999999999,791
2026-02-24T10:00:00+00:00,6114.069999999999,6121.069999999999,6109.069999999999,6119.089999999999,535
2026-02-24T11:00:00+00:00,6119.089999999999,6125.089999999999,6113.579999999999,6122.569999999999,442.14165133637744
2026-02-24T12:00:00+00:00,6122.569999999999,6130.089999999999,6109.069999999999,6116.589999999999,687
2026-02-24T13:00:00+00:00,6116.589999999999,6133.069999999999,6113.089999999999,6130.079999999999,446.01658374792703
2026-02-24T14:00:00+00:00,6130.079999999999,6140.079999999999,6108.069999999999,6131.069999999999,2604
2026-02-24T15:00:00+00:00,6131.069999999999,6147.089999999999,6126.069999999999,6130.569999999999,2684
2026-02-24T16:00:00+00:00,6130.569999999999,6135.589999999999,6120.089999999999,6129.579999999999,838.6210768787791
2026-02-24T17:00:00+00:00,6129.579999999999,6135.069999999999,6126.069999999999,6133.079999999999,695
2026-02-24T18:00:00+00:00,6133.079999999999,6141.089999999999,6132.069999999999,6138.089999999999,501.179036424891
2026-02-24T19:00:00+00:00,6138.089999999999,6143.589999999999,6134.069999999999,6141.069999999999,528.7780678851175
2026-02-24T20:00:00+00:00,6141.069999999999,6152.089999999999,6140.069999999999,6143.1399999999985,378.1561982166811
2026-02-25T07:00:00+00:00,6143.1399999999985,6149.399999999999,6142.1399999999985,6145.3899999999985,456.8602941176471
2026-02-25T08:00:00+00:00,6145.3899999999985,6169.399999999999,6145.3899999999985,6159.399999999999,1386
2026-02-25T09:00:00+00:00,6159.399999999999,6165.399999999999,6152.3899999999985,6165.399999999999,770.3981651376147
2026-02-25T10:00:00+00:00,6165.399999999999,6172.8899999999985,6159.399999999999,6167.909999999999,493
2026-02-25T11:00:00+00:00,6167.909999999999,6173.3899999999985,6163.3899999999985,6171.399999999999,346.19774718397997
2026-02-25T12:00:00+00:00,6171.399999999999,6175.409999999999,6168.3899999999985,6170.899999999999,389
2026-02-25T13:00:00+00:00,6170.899999999999,6179.409999999999,6168.3899999999985,6178.409999999999,342
2026-02-25T14:00:00+00:00,6178.409999999999,6188.409999999999,6175.3899999999985,6185.399999999999,1002
2026-02-25T15:00:00+00:00,6185.399999999999,6187.409999999999,6165.8899999999985,6174.399999999999,1102
2026-02-25T16:00:00+00:00,6174.399999999999,6186.399999999999,6170.8899999999985,6183.899999999999,428.20024198427103
2026-02-25T17:00:00+00:00,6183.899999999999,6194.409999999999,6183.3899999999985,6192.399999999999,257.5436044696435
2026-02-25T18:00:00+00:00,6192.399999999999,6192.409999999999,6188.3899999999985,6190.399999999999,165.50825562725794
2026-02-25T19:00:00+00:00,6190.399999999999,6193.409999999999,6189.409999999999,6190.899999999999,152.55898764959318
2026-02-25T20:00:00+00:00,6190.899999999999,6195.409999999999,6190.3899999999985,6192.449999999999,323.02196778814107
2026-02-26T07:00:00+00:00,6192.449999999999,6196.949999999999,6184.149999999999,6187.649999999999,430.8792778649921
2026-02-26T08:00:00+00:00,6187.649999999999,6202.669999999999,6180.649999999999,6198.649999999999,2121
2026-02-26T09:00:00+00:00,6198.649999999999,6211.659999999999,6190.649999999999,6204.659999999999,694.1313970764528
2026-02-26T10:00:00+00:00,6204.659999999999,6214.669999999999,6200.649999999999,6207.169999999999,518.6681636726547
2026-02-26T11:00:00+00:00,6207.169999999999,6216.159999999999,6204.659999999999,6213.159999999999,439.5121212121212
2026-02-26T12:00:00+00:00,6213.159999999999,6217.179999999999,6211.159999999999,6211.169999999999,374.54140127388536
2026-02-26T13:00:00+00:00,6211.169999999999,6215.179999999999,6202.159999999999,6202.169999999999,490
2026-02-26T14:00:00+00:00,6202.169999999999,6209.169999999999,6176.679999999999,6176.679999999999,1971
2026-02-26T15:00:00+00:00,6176.679999999999,6182.679999999999,6150.659999999999,6178.669999999999,4806
2026-02-26T16:00:00+00:00,6178.669999999999,6184.679999999999,6162.659999999999,6164.179999999999,1446
2026-02-26T17:00:00+00:00,6164.179999999999,6171.679999999999,6160.659999999999,6164.169999999999,1556
2026-02-26T18:00:00+00:00,6164.169999999999,6185.669999999999,6159.659999999999,6178.679999999999,874
2026-02-26T19:00:00+00:00,6178.679999999999,6190.179999999999,6177.659999999999,6188.169999999999,388.2799990297018
2026-02-26T20:00:00+00:00,6188.169999999999,6191.169999999999,6185.179999999999,6188.229999999999,387.48728045658993
2026-02-27T07:00:00+00:00,6188.229999999999,6194.759999999999,6186.739999999999,6186.759999999999,463.99655667334696
2026-02-27T08:00:00+00:00,6186.759999999999,6196.759999999999,6170.239999999999,6193.749999999999,1927
2026-02-27T09:00:00+00:00,6193.749999999999,6202.759999999999,6180.249999999999,6185.759999999999,1216
2026-02-27T10:00:00+00:00,6185.759999999999,6190.749999999999,6174.249999999999,6179.759999999999,888
2026-02-27T11:00:00+00:00,6179.759999999999,6183.749999999999,6170.759999999999,6176.749999999999,802
2026-02-27T12:00:00+00:00,6176.749999999999,6182.759999999999,6169.739999999999,6173.239999999999,722
2026-02-27T13:00:00+00:00,6173.239999999999,6174.759999999999,6137.739999999999,6155.749999999999,1715
2026-02-27T14:00:00+00:00,6155.749999999999,6159.759999999999,6136.739999999999,6137.259999999999,4676
2026-02-27T15:00:00+00:00,6137.259999999999,6161.759999999999,6135.739999999999,6158.259999999999,3319
2026-02-27T16:00:00+00:00,6158.259999999999,6171.759999999999,6138.739999999999,6139.749999999999,1734
2026-02-27T17:00:00+00:00,6139.749999999999,6150.759999999999,6122.749999999999,6130.739999999999,1699
2026-02-27T18:00:00+00:00,6130.739999999999,6133.759999999999,6126.739999999999,6131.759999999999,1292
2026-02-27T19:00:00+00:00,6131.759999999999,6137.759999999999,6117.739999999999,6117.759999999999,1037
2026-02-27T20:00:00+00:00,6117.759999999999,6133.309999999999,6117.739999999999,6132.789999999999,989
2026-03-02T07:00:00+00:00,6132.789999999999,6137.289999999999,6002.279999999999,6012.279999999999,2137.0277227722772
2026-03-02T08:00:00+00:00,6012.279999999999,6038.289999999999,6001.269999999999,6017.779999999999,6069
2026-03-02T09:00:00+00:00,6017.779999999999,6051.289999999999,6010.289999999999,6041.269999999999,2536
2026-03-02T10:00:00+00:00,6041.269999999999,6057.289999999999,6036.269999999999,6042.789999999999,1418
2026-03-02T11:00:00+00:00,6042.789999999999,6059.269999999999,6031.269999999999,6041.769999999999,1108
2026-03-02T12:00:00+00:00,6041.769999999999,6046.289999999999,6010.289999999999,6018.279999999999,1429
2026-03-02T13:00:00+00:00,6018.279999999999,6024.779999999999,6000.269999999999,6003.269999999999,1494
2026-03-02T14:00:00+00:00,6003.269999999999,6033.789999999999,5995.769999999999,6019.769999999999,2982
2026-03-02T15:00:00+00:00,6019.769999999999,6033.289999999999,6003.269999999999,6004.289999999999,3237
2026-03-02T16:00:00+00:00,6004.289999999999,6034.769999999999,6002.269999999999,6028.789999999999,1862
2026-03-02T17:00:00+00:00,6028.789999999999,6040.289999999999,6026.269999999999,6035.289999999999,1313
2026-03-02T18:00:00+00:00,6035.289999999999,6037.279999999999,6022.269999999999,6022.289999999999,997
2026-03-02T19:00:00+00:00,6022.289999999999,6037.269999999999,6021.269999999999,6030.779999999999,915
2026-03-02T20:00:00+00:00,6030.779999999999,6033.289999999999,6002.269999999999,6011.829999999999,2187
2026-03-03T07:00:00+00:00,6011.829999999999,6014.829999999999,5913.749999999999,5923.249999999999,1234.1375051461507
2026-03-03T08:00:00+00:00,5923.249999999999,5927.229999999999,5837.239999999999,5839.729999999999,5526
2026-03-03T09:00:00+00:00,5839.729999999999,5865.749999999999,5824.729999999999,5827.249999999999,3947
2026-03-03T10:00:00+00:00,5827.249999999999,5835.739999999999,5775.749999999999,5811.739999999999,3886
2026-03-03T11:00:00+00:00,5811.739999999999,5814.749999999999,5780.739999999999,5807.749999999999,3886
2026-03-03T12:00:00+00:00,5807.749999999999,5837.729999999999,5801.239999999999,5829.749999999999,2820
2026-03-03T13:00:00+00:00,5829.749999999999,5832.249999999999,5792.729999999999,5796.229999999999,2591
2026-03-03T14:00:00+00:00,5796.229999999999,5808.749999999999,5773.729999999999,5779.739999999999,5048
2026-03-03T15:00:00+00:00,5779.739999999999,5796.739999999999,5762.749999999999,5794.239999999999,6209
2026-03-03T16:00:00+00:00,5794.239999999999,5837.749999999999,5782.729999999999,5827.749999999999,4119
2026-03-03T17:00:00+00:00,5827.749999999999,5833.739999999999,5809.239999999999,5822.749999999999,3186
2026-03-03T18:00:00+00:00,5822.749999999999,5865.749999999999,5822.729999999999,5855.739999999999,2616
2026-03-03T19:00:00+00:00,5855.739999999999,5880.739999999999,5842.729999999999,5871.749999999999,3025
2026-03-03T20:00:00+00:00,5871.749999999999,5875.749999999999,5846.239999999999,5850.789999999999,2462
2026-03-04T07:00:00+00:00,5850.789999999999,5853.789999999999,5786.749999999999,5825.249999999999,2042.1431931784768
2026-03-04T08:00:00+00:00,5825.249999999999,5840.259999999998,5801.759999999998,5809.239999999999,6251
2026-03-04T09:00:00+00:00,5809.239999999999,5862.249999999999,5801.739999999999,5860.259999999998,3344
2026-03-04T10:00:00+00:00,5860.259999999998,5903.259999999998,5853.239999999999,5900.739999999999,4827
2026-03-04T11:00:00+00:00,5900.739999999999,5918.249999999999,5894.249999999999,5897.739999999999,2476
2026-03-04T12:00:00+00:00,5897.739999999999,5907.259999999998,5864.249999999999,5892.249999999999,2608
2026-03-04T13:00:00+00:00,5892.249999999999,5917.749999999999,5891.239999999999,5908.249999999999,2564
2026-03-04T14:00:00+00:00,5908.249999999999,5908.749999999999,5874.239999999999,5891.239999999999,5026
2026-03-04T15:00:00+00:00,5891.239999999999,5916.239999999999,5891.239999999999,5914.259999999998,2988
2026-03-04T16:00:00+00:00,5914.259999999998,5919.249999999999,5896.249999999999,5911.749999999999,1989
2026-03-04T17:00:00+00:00,5911.749999999999,5917.259999999998,5899.249999999999,5912.249999999999,1555
2026-03-04T18:00:00+00:00,5912.249999999999,5928.259999999998,5909.239999999999,5925.739999999999,988
2026-03-04T19:00:00+00:00,5925.739999999999,5933.249999999999,5923.239999999999,5930.259999999998,758
2026-03-04T20:00:00+00:00,5930.259999999998,5930.259999999998,5921.249999999999,5924.799999999998,946
2026-03-05T07:00:00+00:00,5924.799999999998,5929.299999999998,5862.989999999999,5880.969999999998,934.9560439560439
2026-03-05T08:00:00+00:00,5880.969999999998,5890.989999999999,5855.479999999999,5890.469999999998,3597
2026-03-05T09:00:00+00:00,5890.469999999998,5947.979999999999,5888.989999999999,5922.469999999998,4062
2026-03-05T10:00:00+00:00,5922.469999999998,5935.989999999999,5916.969999999998,5921.979999999999,1212
2026-03-05T11:00:00+00:00,5921.979999999999,5935.979999999999,5907.969999999998,5908.979999999999,1276
2026-03-05T12:00:00+00:00,5908.979999999999,5917.489999999999,5884.469999999998,5886.479999999999,1791
2026-03-05T13:00:00+00:00,5886.479999999999,5887.989999999999,5854.469999999998,5856.969999999998,1847
2026-03-05T14:00:00+00:00,5856.969999999998,5878.479999999999,5840.469999999998,5877.469999999998,3801
2026-03-05T15:00:00+00:00,5877.469999999998,5885.489999999999,5831.489999999999,5845.989999999999,3902
2026-03-05T16:00:00+00:00,5845.989999999999,5848.489999999999,5793.969999999998,5829.989999999999,4092
2026-03-05T17:00:00+00:00,5829.989999999999,5840.489999999999,5764.469999999998,5769.479999999999,3018
2026-03-05T18:00:00+00:00,5769.479999999999,5792.489999999999,5767.469999999998,5783.469999999998,3089
2026-03-05T19:00:00+00:00,5783.469999999998,5792.489999999999,5771.469999999998,5782.479999999999,3054
2026-03-05T20:00:00+00:00,5782.479999999999,5820.489999999999,5777.469999999998,5820.019999999999,2956
2026-03-06T07:00:00+00:00,5820.019999999999,5850.359999999999,5815.519999999999,5840.339999999998,892.7465437738427
2026-03-06T08:00:00+00:00,5840.339999999998,5856.8499999999985,5822.339999999998,5846.359999999999,3724
2026-03-06T09:00:00+00:00,5846.359999999999,5847.859999999999,5777.8499999999985,5793.839999999998,4966
2026-03-06T10:00:00+00:00,5793.839999999998,5817.3499999999985,5787.3499999999985,5787.859999999999,2832
2026-03-06T11:00:00+00:00,5787.859999999999,5793.3499999999985,5730.339999999998,5736.359999999999,4139
2026-03-06T12:00:00+00:00,5736.359999999999,5756.3499999999985,5731.339999999998,5748.8499999999985,3736
2026-03-06T13:00:00+00:00,5748.8499999999985,5768.359999999999,5690.8499999999985,5696.859999999999,4443
2026-03-06T14:00:00+00:00,5696.859999999999,5716.859999999999,5678.3499999999985,5705.839999999998,6988
2026-03-06T15:00:00+00:00,5705.839999999998,5753.839999999998,5705.839999999998,5737.359999999999,5847
2026-03-06T16:00:00+00:00,5737.359999999999,5764.859999999999,5724.839999999998,5754.839999999998,3868
2026-03-06T17:00:00+00:00,5754.839999999998,5759.859999999999,5735.8499999999985,5742.3499999999985,3872
2026-03-06T18:00:00+00:00,5742.3499999999985,5772.359999999999,5741.339999999998,5760.339999999998,3316
2026-03-06T19:00:00+00:00,5760.339999999998,5775.359999999999,5755.859999999999,5770.339999999998,2237
2026-03-06T20:00:00+00:00,5770.339999999998,5775.359999999999,5748.339999999998,5754.339999999998,2207
2026-03-09T07:00:00+00:00,5754.339999999998,5760.339999999998,5563.839999999998,5584.819999999999,4102.345054945055
2026-03-09T08:00:00+00:00,5584.819999999999,5608.839999999998,5573.819999999999,5601.839999999998,10634
2026-03-09T09:00:00+00:00,5601.839999999998,5659.329999999998,5585.819999999999,5650.339999999998,7759
2026-03-09T10:00:00+00:00,5650.339999999998,5656.339999999998,5620.339999999998,5637.319999999999,6093
2026-03-09T11:00:00+00:00,5637.319999999999,5649.839999999998,5622.319999999999,5642.339999999998,3952
2026-03-09T12:00:00+00:00,5642.339999999998,5668.829999999998,5632.829999999998,5641.819999999999,3417
2026-03-09T13:00:00+00:00,5641.819999999999,5676.839999999998,5636.329999999998,5656.839999999998,8149
2026-03-09T14:00:00+00:00,5656.839999999998,5693.839999999998,5628.819999999999,5688.839999999998,9750
2026-03-09T15:00:00+00:00,5688.839999999998,5723.829999999998,5687.839999999998,5715.339999999998,3591
2026-03-09T16:00:00+00:00,5715.339999999998,5736.839999999998,5699.819999999999,5730.839999999998,2534
2026-03-09T17:00:00+00:00,5730.839999999998,5730.839999999998,5687.839999999998,5697.839999999998,2532
2026-03-09T18:00:00+00:00,5697.839999999998,5723.829999999998,5697.839999999998,5707.839999999998,2105
2026-03-09T19:00:00+00:00,5707.839999999998,5853.819999999999,5706.819999999999,5816.819999999999,6321
2026-03-09T20:00:00+00:00,5816.819999999999,5825.839999999998,5793.829999999998,5818.869999999998,1260
2026-03-10T07:00:00+00:00,5818.869999999998,5836.669999999998,5774.669999999998,5836.659999999998,2905.117142857143
2026-03-10T08:00:00+00:00,5836.659999999998,5869.169999999998,5823.649999999999,5844.659999999998,5301
2026-03-10T09:00:00+00:00,5844.659999999998,5875.669999999998,5841.649999999999,5852.649999999999,2243
2026-03-10T10:00:00+00:00,5852.649999999999,5864.649999999999,5839.169999999998,5856.669999999998,2693
2026-03-10T11:00:00+00:00,5856.669999999998,5872.669999999998,5820.659999999998,5824.149999999999,2947
2026-03-10T12:00:00+00:00,5824.149999999999,5830.669999999998,5792.649999999999,5826.659999999998,2677
2026-03-10T13:00:00+00:00,5826.659999999998,5839.169999999998,5809.149999999999,5813.669999999998,5193
2026-03-10T14:00:00+00:00,5813.669999999998,5878.169999999998,5802.159999999998,5876.659999999998,4777
2026-03-10T15:00:00+00:00,5876.659999999998,5883.669999999998,5856.149999999999,5858.149999999999,1825
2026-03-10T16:00:00+00:00,5858.149999999999,5877.669999999998,5841.649999999999,5877.649999999999,2384
2026-03-10T17:00:00+00:00,5877.649999999999,5897.169999999998,5862.159999999998,5872.669999999998,2747
2026-03-10T18:00:00+00:00,5872.669999999998,5874.659999999998,5800.649999999999,5815.649999999999,5705
2026-03-10T19:00:00+00:00,5815.649999999999,5832.669999999998,5802.659999999998,5813.659999999998,3359
2026-03-10T20:00:00+00:00,5813.659999999998,5816.669999999998,5803.719999999998,5810.219999999998,605.9178567069449
2026-03-11T07:00:00+00:00,5810.219999999998,5835.379999999998,5783.369999999998,5800.879999999998,1736.6520438683947
2026-03-11T08:00:00+00:00,5800.879999999998,5813.859999999998,5776.869999999998,5785.879999999998,4256
2026-03-11T09:00:00+00:00,5785.879999999998,5788.869999999998,5770.859999999998,5772.359999999998,3362
2026-03-11T10:00:00+00:00,5772.359999999998,5833.379999999998,5769.869999999998,5831.359999999998,2386
2026-03-11T11:00:00+00:00,5831.359999999998,5836.879999999998,5786.879999999998,5795.379999999998,2850
2026-03-11T12:00:00+00:00,5795.379999999998,5808.869999999998,5769.859999999998,5782.369999999998,3195
2026-03-11T13:00:00+00:00,5782.369999999998,5818.369999999998,5780.869999999998,5815.859999999998,5428
2026-03-11T14:00:00+00:00,5815.859999999998,5844.859999999998,5795.869999999998,5829.879999999998,7801
2026-03-11T15:00:00+00:00,5829.879999999998,5831.879999999998,5787.879999999998,5796.879999999998,4152
2026-03-11T16:00:00+00:00,5796.879999999998,5827.379999999998,5785.879999999998,5825.379999999998,2792
2026-03-11T17:00:00+00:00,5825.379999999998,5828.379999999998,5798.859999999998,5815.879999999998,3385
2026-03-11T18:00:00+00:00,5815.879999999998,5828.379999999998,5805.859999999998,5823.869999999998,1778
2026-03-11T19:00:00+00:00,5823.869999999998,5829.879999999998,5815.859999999998,5828.379999999998,1290
2026-03-11T20:00:00+00:00,5828.379999999998,5828.879999999998,5811.859999999998,5811.879999999998,360.0760038240918
2026-03-12T07:00:00+00:00,5811.879999999998,5816.379999999998,5760.209999999998,5789.209999999998,1284.2523020257827
2026-03-12T08:00:00+00:00,5789.209999999998,5792.699999999998,5764.219999999998,5788.699999999998,3598
2026-03-12T09:00:00+00:00,5788.699999999998,5794.719999999998,5757.699999999998,5792.719999999998,2537
2026-03-12T10:00:00+00:00,5792.719999999998,5802.219999999998,5780.699999999998,5780.699999999998,2043
2026-03-12T11:00:00+00:00,5780.699999999998,5805.719999999998,5769.699999999998,5784.699999999998,1937
2026-03-12T12:00:00+00:00,5784.699999999998,5785.719999999998,5762.699999999998,5777.709999999998,2742
2026-03-12T13:00:00+00:00,5777.709999999998,5788.719999999998,5735.699999999998,5745.719999999998,6994
2026-03-12T14:00:00+00:00,5745.719999999998,5761.719999999998,5725.199999999998,5742.209999999998,6630
2026-03-12T15:00:00+00:00,5742.209999999998,5757.709999999998,5711.699999999998,5757.209999999998,5894
2026-03-12T16:00:00+00:00,5757.209999999998,5781.719999999998,5745.699999999998,5767.199999999998,4844
2026-03-12T17:00:00+00:00,5767.199999999998,5781.719999999998,5762.699999999998,5767.719999999998,3846
2026-03-12T18:00:00+00:00,5767.719999999998,5778.709999999998,5764.699999999998,5764.709999999998,2715
2026-03-12T19:00:00+00:00,5764.709999999998,5771.709999999998,5753.709999999998,5755.699999999998,2054
2026-03-12T20:00:00+00:00,5755.699999999998,5757.209999999998,5750.699999999998,5750.699999999998,381.08956188744264
2026-03-13T07:00:00+00:00,5750.699999999998,5751.699999999998,5712.529999999998,5725.039999999998,1655.4343302990897
2026-03-13T08:00:00+00:00,5725.039999999998,5733.049999999998,5688.029999999998,5730.029999999998,4481
2026-03-13T09:00:00+00:00,5730.029999999998,5742.549999999998,5722.049999999998,5734.549999999998,3081
2026-03-13T10:00:00+00:00,5734.549999999998,5769.049999999998,5730.529999999998,5768.039999999998,2034
2026-03-13T11:00:00+00:00,5768.039999999998,5781.049999999998,5762.039999999998,5780.049999999998,2614
2026-03-13T12:00:00+00:00,5780.049999999998,5806.539999999998,5776.549999999998,5791.539999999998,3174
2026-03-13T13:00:00+00:00,5791.539999999998,5817.549999999998,5782.529999999998,5798.539999999998,5249
2026-03-13T14:00:00+00:00,5798.539999999998,5804.049999999998,5750.549999999998,5751.539999999998,6106
2026-03-13T15:00:00+00:00,5751.539999999998,5766.039999999998,5726.029999999998,5727.029999999998,6272
2026-03-13T16:00:00+00:00,5727.029999999998,5744.029999999998,5722.049999999998,5728.049999999998,4352
2026-03-13T17:00:00+00:00,5728.049999999998,5739.039999999998,5715.039999999998,5716.549999999998,3133
2026-03-13T18:00:00+00:00,5716.549999999998,5737.049999999998,5713.539999999998,5734.029999999998,2478
2026-03-13T19:00:00+00:00,5734.029999999998,5734.549999999998,5712.029999999998,5723.549999999998,1863
2026-03-13T20:00:00+00:00,5723.549999999998,5724.049999999998,5711.529999999998,5711.549999999998,324.3720874956648
2026-03-16T07:00:00+00:00,5711.549999999998,5775.989999999998,5710.049999999998,5743.989999999998,1325.5581867388364
2026-03-16T08:00:00+00:00,5743.989999999998,5755.479999999999,5711.969999999998,5722.469999999998,4433
2026-03-16T09:00:00+00:00,5722.469999999998,5729.479999999999,5695.469999999998,5697.979999999999,2306
2026-03-16T10:00:00+00:00,5697.979999999999,5744.469999999998,5695.469999999998,5743.479999999999,2606
2026-03-16T11:00:00+00:00,5743.479999999999,5751.489999999998,5736.469999999998,5751.479999999999,1533
2026-03-16T12:00:00+00:00,5751.479999999999,5774.979999999999,5751.469999999998,5762.489999999998,1751
2026-03-16T13:00:00+00:00,5762.489999999998,5787.489999999998,5762.489999999998,5787.489999999998,2205
2026-03-16T14:00:00+00:00,5787.489999999998,5793.989999999998,5766.469999999998,5783.979999999999,3341
2026-03-16T15:00:00+00:00,5783.979999999999,5792.489999999998,5772.479999999999,5772.989999999998,2559
2026-03-16T16:00:00+00:00,5772.989999999998,5778.489999999998,5757.969999999998,5759.469999999998,2776
2026-03-16T17:00:00+00:00,5759.469999999998,5773.469999999998,5755.469999999998,5760.969999999998,2407
2026-03-16T18:00:00+00:00,5760.969999999998,5777.489999999998,5760.969999999998,5773.489999999998,1419.621375509226
2026-03-16T19:00:00+00:00,5773.489999999998,5788.469999999998,5764.479999999999,5778.489999999998,2082
2026-03-16T20:00:00+00:00,5778.489999999998,5778.489999999998,5768.469999999998,5773.019999999999,325.8262741365756
2026-03-17T07:00:00+00:00,5773.019999999999,5774.019999999999,5725.779999999998,5740.789999999998,801.1874662344678
2026-03-17T08:00:00+00:00,5740.789999999998,5762.279999999998,5738.779999999998,5752.789999999998,4101
2026-03-17T09:00:00+00:00,5752.789999999998,5790.779999999998,5752.789999999998,5786.779999999998,2282
2026-03-17T10:00:00+00:00,5786.779999999998,5787.779999999998,5763.769999999999,5771.769999999999,1787
2026-03-17T11:00:00+00:00,5771.769999999999,5781.789999999998,5769.769999999999,5774.289999999998,1516
2026-03-17T12:00:00+00:00,5774.289999999998,5802.789999999998,5773.789999999998,5798.789999999998,1442
2026-03-17T13:00:00+00:00,5798.789999999998,5821.279999999999,5798.779999999998,5813.279999999999,2121
2026-03-17T14:00:00+00:00,5813.279999999999,5824.799999999998,5807.279999999999,5821.279999999999,2362
2026-03-17T15:00:00+00:00,5821.279999999999,5822.279999999999,5788.279999999999,5797.299999999998,3337
2026-03-17T16:00:00+00:00,5797.299999999998,5798.789999999998,5781.299999999998,5782.789999999998,3178
2026-03-17T17:00:00+00:00,5782.789999999998,5794.289999999998,5782.279999999999,5788.279999999999,1596.2674108226158
2026-03-17T18:00:00+00:00,5788.279999999999,5792.289999999998,5780.279999999999,5785.289999999998,1297.0946212334554
2026-03-17T19:00:00+00:00,5785.289999999998,5791.289999999999,5782.7699999999995,5790.2699999999995,801
2026-03-17T20:00:00+00:00,5790.2699999999995,5792.289999999999,5786.2699999999995,5788.2699999999995,200.0857180846309
2026-03-18T07:00:00+00:00,5788.2699999999995,5792.28,5766.2699999999995,5774.78,839.9774078478002
2026-03-18T08:00:00+00:00,5774.78,5789.28,5766.259999999999,5782.28,2151
2026-03-18T09:00:00+00:00,5782.28,5798.759999999999,5777.259999999999,5791.78,1571
2026-03-18T10:00:00+00:00,5791.78,5801.2699999999995,5784.259999999999,5784.2699999999995,1196
2026-03-18T11:00:00+00:00,5784.2699999999995,5799.2699999999995,5768.259999999999,5776.28,2356
2026-03-18T12:00:00+00:00,5776.28,5778.28,5703.28,5707.2699999999995,5367
2026-03-18T13:00:00+00:00,5707.2699999999995,5728.28,5694.759999999999,5711.759999999999,6483
2026-03-18T14:00:00+00:00,5711.759999999999,5721.2699999999995,5681.2699999999995,5696.78,5619
2026-03-18T15:00:00+00:00,5696.78,5714.28,5693.259999999999,5700.2699999999995,4363
2026-03-18T16:00:00+00:00,5700.2699999999995,5713.28,5696.259999999999,5707.2699999999995,2877
2026-03-18T17:00:00+00:00,5707.2699999999995,5717.2699999999995,5695.28,5714.259999999999,2565
2026-03-18T18:00:00+00:00,5714.259999999999,5720.28,5676.2699999999995,5676.28,3596
2026-03-18T19:00:00+00:00,5676.28,5684.28,5644.259999999999,5645.259999999999,2015
2026-03-18T20:00:00+00:00,5645.259999999999,5646.28,5614.259999999999,5619.3099999999995,583
2026-03-19T07:00:00+00:00,5619.3099999999995,5622.589999999999,5590.589999999999,5608.08,2081.3842432619213
2026-03-19T08:00:00+00:00,5608.08,5624.57,5568.57,5579.08,6695
2026-03-19T09:00:00+00:00,5579.08,5608.08,5559.08,5600.57,8550
2026-03-19T10:00:00+00:00,5600.57,5601.089999999999,5572.58,5580.089999999999,4880
2026-03-19T11:00:00+00:00,5580.089999999999,5588.589999999999,5567.57,5584.08,3250
2026-03-19T12:00:00+00:00,5584.08,5586.589999999999,5546.57,5556.57,5661
2026-03-19T13:00:00+00:00,5556.57,5588.589999999999,5536.58,5588.07,9241
2026-03-19T14:00:00+00:00,5588.07,5598.589999999999,5568.58,5577.58,8401
2026-03-19T15:00:00+00:00,5577.58,5601.589999999999,5567.57,5589.589999999999,6505
2026-03-19T16:00:00+00:00,5589.589999999999,5601.58,5557.57,5566.58,4904
2026-03-19T17:00:00+00:00,5566.58,5577.089999999999,5550.07,5560.08,3224
2026-03-19T18:00:00+00:00,5560.08,5576.589999999999,5553.57,5572.57,1766
2026-03-19T19:00:00+00:00,5572.57,5638.58,5572.57,5609.57,5874
2026-03-19T20:00:00+00:00,5609.57,5621.089999999999,5604.58,5614.129999999999,447.051395572666
2026-03-20T07:00:00+00:00,5614.129999999999,5640.9,5594.879999999999,5633.879999999999,1361.3505059797608
2026-03-20T08:00:00+00:00,5633.879999999999,5655.9,5627.879999999999,5627.889999999999,3583
2026-03-20T09:00:00+00:00,5627.889999999999,5634.389999999999,5579.9,5589.389999999999,4495
2026-03-20T10:00:00+00:00,5589.389999999999,5592.4,5553.879999999999,5566.879999999999,6148
2026-03-20T11:00:00+00:00,5566.879999999999,5605.9,5562.879999999999,5604.379999999999,3640
2026-03-20T12:00:00+00:00,5604.379999999999,5613.879999999999,5592.879999999999,5607.9,4035
2026-03-20T13:00:00+00:00,5607.9,5609.9,5553.879999999999,5555.879999999999,6391
2026-03-20T14:00:00+00:00,5555.879999999999,5556.879999999999,5474.379999999999,5484.379999999999,8603
2026-03-20T15:00:00+00:00,5484.379999999999,5502.9,5467.879999999999,5483.879999999999,8518
2026-03-20T16:00:00+00:00,5483.879999999999,5497.9,5436.879999999999,5453.4,4435
2026-03-20T17:00:00+00:00,5453.4,5462.889999999999,5436.879999999999,5453.389999999999,4208
2026-03-20T18:00:00+00:00,5453.389999999999,5455.9,5412.879999999999,5421.9,3679
2026-03-20T19:00:00+00:00,5421.9,5435.389999999999,5401.889999999999,5430.389999999999,3310
2026-03-20T20:00:00+00:00,5430.389999999999,5442.379999999999,5429.889999999999,5438.889999999999,678
2026-03-23T07:00:00+00:00,5438.889999999999,5443.389999999999,5358.679999999999,5363.69,2468.1938702779757
2026-03-23T08:00:00+00:00,5363.69,5393.7,5362.679999999999,5382.2,8572
2026-03-23T09:00:00+00:00,5382.2,5393.179999999999,5351.679999999999,5364.179999999999,6686
2026-03-23T10:00:00+00:00,5364.179999999999,5374.7,5345.179999999999,5360.7,5947
2026-03-23T11:00:00+00:00,5360.7,5708.08,5360.679999999999,5583.55,19932.620583476855
2026-03-23T12:00:00+00:00,5583.55,5656.05,5565.54,5645.03,14045
2026-03-23T13:00:00+00:00,5645.03,5657.05,5594.03,5637.54,10230
2026-03-23T14:00:00+00:00,5637.54,5678.03,5632.03,5668.03,7351
2026-03-23T15:00:00+00:00,5668.03,5696.04,5596.03,5599.55,7120
2026-03-23T16:00:00+00:00,5599.55,5618.03,5566.53,5595.03,8172
2026-03-23T17:00:00+00:00,5595.03,5643.03,5588.03,5632.04,4269
2026-03-23T18:00:00+00:00,5632.04,5655.04,5613.53,5642.04,3095
2026-03-23T19:00:00+00:00,5642.04,5643.04,5611.03,5617.09,2040
2026-03-23T20:00:00+00:00,5617.09,5622.04,5607.03,5617.08,527
2026-03-24T07:00:00+00:00,5617.08,5629.72,5587.72,5612.71,2319.8762769580026
2026-03-24T08:00:00+00:00,5612.71,5632.73,5568.71,5575.23,7646
2026-03-24T09:00:00+00:00,5575.23,5595.73,5549.73,5590.21,5842
2026-03-24T10:00:00+00:00,5590.21,5600.73,5573.22,5592.22,4337
2026-03-24T11:00:00+00:00,5592.22,5604.22,5567.72,5600.72,4271
2026-03-24T12:00:00+00:00,5600.72,5603.73,5547.71,5550.73,5627
2026-03-24T13:00:00+00:00,5550.73,5559.73,5530.72,5558.21,7697
2026-03-24T14:00:00+00:00,5558.21,5611.73,5553.71,5596.21,8605
2026-03-24T15:00:00+00:00,5596.21,5623.71,5590.21,5594.22,6743
2026-03-24T16:00:00+00:00,5594.22,5613.73,5585.71,5595.73,4981
2026-03-24T17:00:00+00:00,5595.73,5597.73,5564.71,5593.23,5146
2026-03-24T18:00:00+00:00,5593.23,5618.73,5581.73,5603.23,3886
2026-03-24T19:00:00+00:00,5603.23,5613.73,5588.71,5591.73,2308
2026-03-24T20:00:00+00:00,5591.73,5685.73,5589.71,5666.78,3662
2026-03-25T07:00:00+00:00,5666.78,5680.54,5643.09,5674.04,1550.648936170213
2026-03-25T08:00:00+00:00,5674.04,5709.03,5667.02,5689.54,5038
2026-03-25T09:00:00+00:00,5689.54,5706.02,5671.04,5688.04,3058
2026-03-25T10:00:00+00:00,5688.04,5700.02,5679.02,5690.54,2920
2026-03-25T11:00:00+00:00,5690.54,5702.54,5679.52,5697.02,2453
2026-03-25T12:00:00+00:00,5697.02,5707.52,5652.02,5679.04,4808
2026-03-25T13:00:00+00:00,5679.04,5690.03,5654.02,5657.02,4878
2026-03-25T14:00:00+00:00,5657.02,5688.04,5645.02,5672.52,5477
2026-03-25T15:00:00+00:00,5672.52,5675.04,5629.54,5655.04,5428
2026-03-25T16:00:00+00:00,5655.04,5687.04,5647.03,5679.52,3834
2026-03-25T17:00:00+00:00,5679.52,5690.53,5669.52,5673.53,2861
2026-03-25T18:00:00+00:00,5673.53,5677.54,5651.03,5662.03,1456
2026-03-25T19:00:00+00:00,5662.03,5671.53,5655.54,5663.04,1768
2026-03-25T20:00:00+00:00,5663.04,5666.04,5657.02,5658.09,356.3540347150788
2026-03-26T07:00:00+00:00,5658.09,5660.09,5635.610000000001,5645.59,1335.9103623649078
2026-03-26T08:00:00+00:00,5645.59,5664.1,5630.59,5641.59,4855
2026-03-26T09:00:00+00:00,5641.59,5642.6,5610.09,5626.110000000001,3712
2026-03-26T10:00:00+00:00,5626.110000000001,5643.610000000001,5617.610000000001,5632.09,2641
2026-03-26T11:00:00+00:00,5632.09,5641.610000000001,5612.59,5612.59,2124
2026-03-26T12:00:00+00:00,5612.59,5633.610000000001,5607.610000000001,5621.1,2122
2026-03-26T13:00:00+00:00,5621.1,5647.610000000001,5612.59,5645.1,4348
2026-03-26T14:00:00+00:00,5645.1,5665.610000000001,5624.6,5638.6,6092
2026-03-26T15:00:00+00:00,5638.6,5644.6,5621.59,5634.59,5125
2026-03-26T16:00:00+00:00,5634.59,5641.610000000001,5606.59,5610.110000000001,2709
2026-03-26T17:00:00+00:00,5610.110000000001,5620.610000000001,5595.6,5600.59,2106
2026-03-26T18:00:00+00:00,5600.59,5611.6,5600.59,5608.610000000001,1211
2026-03-26T19:00:00+00:00,5608.610000000001,5609.6,5579.1,5581.110000000001,798.4602006688963
2026-03-26T20:00:00+00:00,5581.110000000001,5692.1,5580.59,5609.150000000001,1456
2026-03-27T07:00:00+00:00,5609.150000000001,5632.160000000001,5608.150000000001,5624.170000000001,784.8048780487804
2026-03-27T08:00:00+00:00,5624.170000000001,5629.68,5571.68,5572.160000000001,4660
2026-03-27T09:00:00+00:00,5572.160000000001,5581.170000000001,5551.18,5553.660000000001,4267
2026-03-27T10:00:00+00:00,5553.660000000001,5573.160000000001,5539.160000000001,5541.160000000001,3474
2026-03-27T11:00:00+00:00,5541.160000000001,5562.18,5528.160000000001,5553.670000000001,3219
2026-03-27T12:00:00+00:00,5553.670000000001,5564.670000000001,5542.160000000001,5556.170000000001,3238
2026-03-27T13:00:00+00:00,5556.170000000001,5573.170000000001,5539.170000000001,5548.68,5547
2026-03-27T14:00:00+00:00,5548.68,5567.68,5544.170000000001,5552.170000000001,6216
2026-03-27T15:00:00+00:00,5552.170000000001,5587.660000000001,5542.170000000001,5561.68,4814
2026-03-27T16:00:00+00:00,5561.68,5565.18,5549.170000000001,5556.68,2872
2026-03-27T17:00:00+00:00,5556.68,5567.18,5536.68,5537.670000000001,1712
2026-03-27T18:00:00+00:00,5537.670000000001,5539.170000000001,5525.660000000001,5532.170000000001,1704
2026-03-27T19:00:00+00:00,5532.170000000001,5534.18,5508.18,5523.18,1773
2026-03-27T20:00:00+00:00,5523.18,5529.170000000001,5505.160000000001,5506.160000000001,1001.6195546950629
2026-03-30T06:00:00+00:00,5506.160000000001,5559.2300000000005,5502.660000000001,5547.710000000001,1545.9067226890757
2026-03-30T07:00:00+00:00,5547.710000000001,5567.2300000000005,5541.2300000000005,5566.710000000001,3412
2026-03-30T08:00:00+00:00,5566.710000000001,5589.2300000000005,5557.210000000001,5588.2300000000005,2586
2026-03-30T09:00:00+00:00,5588.2300000000005,5590.2300000000005,5552.210000000001,5556.710000000001,2774
2026-03-30T10:00:00+00:00,5556.710000000001,5571.210000000001,5551.210000000001,5571.210000000001,1748
2026-03-30T11:00:00+00:00,5571.210000000001,5624.210000000001,5570.72,5577.72,5374
2026-03-30T12:00:00+00:00,5577.72,5595.2300000000005,5570.210000000001,5592.2300000000005,1717
2026-03-30T13:00:00+00:00,5592.2300000000005,5599.22,5558.22,5562.7300000000005,5088
2026-03-30T14:00:00+00:00,5562.7300000000005,5591.22,5561.22,5591.22,8321.6042483902
2026-03-30T15:00:00+00:00,5591.22,5619.22,5579.200000000001,5608.22,3002
2026-03-30T16:00:00+00:00,5608.22,5610.22,5588.200000000001,5592.71,2561
2026-03-30T17:00:00+00:00,5592.71,5598.21,5569.200000000001,5577.71,2911
2026-03-30T18:00:00+00:00,5577.71,5580.22,5558.200000000001,5559.700000000001,1986
2026-03-30T19:00:00+00:00,5559.700000000001,5569.21,5540.21,5567.77,1815
2026-03-31T06:00:00+00:00,5567.77,5614.75,5564.77,5595.75,1824.0746268656717
2026-03-31T07:00:00+00:00,5595.75,5638.25,5573.240000000001,5638.240000000001,4633
2026-03-31T08:00:00+00:00,5638.240000000001,5644.76,5611.75,5618.240000000001,4079
2026-03-31T09:00:00+00:00,5618.240000000001,5637.740000000001,5616.81,5631.76,3503
2026-03-31T10:00:00+00:00,5631.76,5641.75,5600.740000000001,5621.26,2568
2026-03-31T11:00:00+00:00,5621.26,5661.75,5614.75,5636.740000000001,7507
2026-03-31T12:00:00+00:00,5636.740000000001,5651.75,5619.740000000001,5635.25,5173
2026-03-31T13:00:00+00:00,5635.25,5658.76,5622.740000000001,5654.25,4677
2026-03-31T14:00:00+00:00,5654.25,5656.76,5619.740000000001,5624.75,4539
2026-03-31T15:00:00+00:00,5624.75,5645.76,5600.76,5614.75,4119
2026-03-31T16:00:00+00:00,5614.75,5724.76,5611.75,5672.26,11045
2026-03-31T17:00:00+00:00,5672.26,5693.76,5665.75,5675.26,7814
2026-03-31T18:00:00+00:00,5675.26,5692.76,5674.240000000001,5690.26,3580
2026-03-31T19:00:00+00:00,5690.26,5713.740000000001,5686.740000000001,5708.81,1873
2026-04-01T06:00:00+00:00,5708.81,5775.820000000001,5704.81,5768.820000000001,1832.5811567164178
2026-04-01T07:00:00+00:00,5768.820000000001,5782.84,5741.33,5745.820000000001,3835
2026-04-01T08:00:00+00:00,5745.820000000001,5765.84,5736.33,5751.34,4168
2026-04-01T09:00:00+00:00,5751.34,5757.84,5712.84,5735.84,2832
2026-04-01T10:00:00+00:00,5735.84,5760.84,5723.83,5759.320000000001,2273
2026-04-01T11:00:00+00:00,5759.320000000001,5783.820000000001,5757.820000000001,5777.84,1697
2026-04-01T12:00:00+00:00,5777.84,5800.34,5749.820000000001,5753.34,4860
2026-04-01T13:00:00+00:00,5753.34,5778.34,5746.33,5758.870000000001,6304
2026-04-01T14:00:00+00:00,5758.870000000001,5786.84,5752.820000000001,5780.83,6344
2026-04-01T15:00:00+00:00,5780.83,5808.83,5771.34,5805.320000000001,2194
2026-04-01T16:00:00+00:00,5805.320000000001,5806.84,5790.33,5799.820000000001,1395
2026-04-01T17:00:00+00:00,5799.820000000001,5805.33,5788.820000000001,5789.83,729
2026-04-01T18:00:00+00:00,5789.83,5790.84,5752.34,5760.820000000001,3215
2026-04-01T19:00:00+00:00,5760.820000000001,5792.34,5759.34,5785.89,2017
2026-04-02T06:00:00+00:00,5785.89,5793.89,5658.64,5679.150000000001,1331.8831341301461
2026-04-02T07:00:00+00:00,5679.150000000001,5705.650000000001,5678.650000000001,5704.650000000001,2405
2026-04-02T08:00:00+00:00,5704.650000000001,5707.660000000001,5689.650000000001,5701.660000000001,2013
2026-04-02T09:00:00+00:00,5701.660000000001,5706.660000000001,5685.64,5693.650000000001,1767
2026-04-02T10:00:00+00:00,5693.650000000001,5694.660000000001,5670.14,5678.150000000001,1699
2026-04-02T11:00:00+00:00,5678.150000000001,5684.160000000001,5656.64,5657.14,1812
2026-04-02T12:00:00+00:00,5657.14,5669.660000000001,5646.64,5664.650000000001,1811
2026-04-02T13:00:00+00:00,5664.650000000001,5696.660000000001,5657.660000000001,5695.650000000001,4085
2026-04-02T14:00:00+00:00,5695.650000000001,5775.650000000001,5686.64,5750.660000000001,10710.344552196235
2026-04-02T15:00:00+00:00,5750.660000000001,5759.680000000001,5729.680000000001,5746.670000000001,5518
2026-04-02T16:00:00+00:00,5746.670000000001,5756.680000000001,5733.660000000001,5746.660000000001,4843
2026-04-02T17:00:00+00:00,5746.660000000001,5763.670000000001,5744.660000000001,5751.160000000001,2767
2026-04-02T18:00:00+00:00,5751.160000000001,5758.670000000001,5750.660000000001,5753.660000000001,1786
2026-04-02T19:00:00+00:00,5753.660000000001,5762.2300000000005,5748.660000000001,5761.720000000001,768
2026-04-07T06:00:00+00:00,5761.720000000001,5762.720000000001,5735.340000000001,5754.330000000001,1360.3361921097771
2026-04-07T07:00:00+00:00,5754.330000000001,5757.340000000001,5735.330000000001,5753.35,3732
2026-04-07T08:00:00+00:00,5753.35,5808.330000000001,5753.330000000001,5796.840000000001,7211
2026-04-07T09:00:00+00:00,5796.840000000001,5814.85,5794.330000000001,5806.85,3144
2026-04-07T10:00:00+00:00,5806.85,5811.35,5734.830000000001,5740.840000000001,8148
2026-04-07T11:00:00+00:00,5740.840000000001,5754.35,5728.340000000001,5734.35,4937
2026-04-07T12:00:00+00:00,5734.35,5755.340000000001,5715.330000000001,5728.330000000001,5913
2026-04-07T13:00:00+00:00,5728.330000000001,5739.35,5698.85,5699.330000000001,6339
2026-04-07T14:00:00+00:00,5699.330000000001,5722.330000000001,5678.330000000001,5683.35,6306
2026-04-07T15:00:00+00:00,5683.35,5701.340000000001,5670.330000000001,5697.830000000001,5124
2026-04-07T16:00:00+00:00,5697.830000000001,5731.35,5697.830000000001,5724.340000000001,5446
2026-04-07T17:00:00+00:00,5724.340000000001,5741.35,5714.340000000001,5728.35,2938
2026-04-07T18:00:00+00:00,5728.35,5733.35,5716.330000000001,5719.330000000001,2461
2026-04-07T19:00:00+00:00,5719.330000000001,5815.35,5712.330000000001,5767.390000000001,8533
2026-04-08T06:00:00+00:00,5767.390000000001,6004.31,5764.890000000001,5975.790000000001,3278.736285525446
2026-04-08T07:00:00+00:00,5975.790000000001,5991.31,5943.290000000001,5945.290000000001,7178
2026-04-08T08:00:00+00:00,5945.290000000001,5961.31,5934.290000000001,5955.300000000001,5307
2026-04-08T09:00:00+00:00,5955.300000000001,5968.31,5936.290000000001,5959.290000000001,3552
2026-04-08T10:00:00+00:00,5959.290000000001,5989.300000000001,5955.290000000001,5982.31,2606
2026-04-08T11:00:00+00:00,5982.31,6005.31,5977.290000000001,5998.290000000001,3242
2026-04-08T12:00:00+00:00,5998.290000000001,6011.31,5975.790000000001,6005.31,5160
2026-04-08T13:00:00+00:00,6005.31,6011.31,5983.290000000001,5994.800000000001,4682
2026-04-08T14:00:00+00:00,5994.800000000001,6004.300000000001,5951.290000000001,5965.31,7022
2026-04-08T15:00:00+00:00,5965.31,5994.31,5951.300000000001,5991.81,3443
2026-04-08T16:00:00+00:00,5991.81,5998.31,5981.290000000001,5989.31,1347.682684476299
2026-04-08T17:00:00+00:00,5989.31,5991.82,5974.3,5986.8,1752
2026-04-08T18:00:00+00:00,5986.8,5992.82,5956.8,5958.3,2865
2026-04-08T19:00:00+00:00,5958.3,5998.82,5956.81,5994.37,1943
2026-04-09T06:00:00+00:00,5994.37,5996.87,5951.18,5964.1900000000005,1437.2117263843647
2026-04-09T07:00:00+00:00,5964.1900000000005,5973.2,5929.18,5941.18,2920
2026-04-09T08:00:00+00:00,5941.18,5943.18,5928.18,5928.68,2663
2026-04-09T09:00:00+00:00,5928.68,5941.7,5924.1900000000005,5936.2,1533
2026-04-09T10:00:00+00:00,5936.2,5940.2,5926.1900000000005,5926.1900000000005,1757
2026-04-09T11:00:00+00:00,5926.1900000000005,5944.2,5921.1900000000005,5942.18,2055
2026-04-09T12:00:00+00:00,5942.18,5951.1900000000005,5932.18,5935.6900000000005,2186
2026-04-09T13:00:00+00:00,5935.6900000000005,5944.2,5928.1900000000005,5937.7,2754
2026-04-09T14:00:00+00:00,5937.7,5942.7,5922.18,5936.18,2487
2026-04-09T15:00:00+00:00,5936.18,5992.2,5927.2,5989.1900000000005,4367
2026-04-09T16:00:00+00:00,5989.1900000000005,6003.1900000000005,5978.1900000000005,5986.18,2227
2026-04-09T17:00:00+00:00,5986.18,6000.2,5982.1900000000005,5993.1900000000005,1860
2026-04-09T18:00:00+00:00,5993.1900000000005,5994.2,5970.18,5979.1900000000005,2762
2026-04-09T19:00:00+00:00,5979.1900000000005,5991.18,5977.18,5982.24,1429
2026-04-10T06:00:00+00:00,5982.24,5989.36,5971.36,5977.87,922.3573170731707
2026-04-10T07:00:00+00:00,5977.87,5991.36,5973.36,5987.36,1763
2026-04-10T08:00:00+00:00,5987.36,5991.38,5969.37,5972.36,1442
2026-04-10T09:00:00+00:00,5972.36,6016.38,5972.36,6014.88,3327
2026-04-10T10:00:00+00:00,6014.88,6029.88,6001.36,6024.36,1501
2026-04-10T11:00:00+00:00,6024.36,6033.36,6016.37,6019.87,1134
2026-04-10T12:00:00+00:00,6019.87,6040.38,6017.36,6022.38,1652
2026-04-10T13:00:00+00:00,6022.38,6029.87,6007.36,6020.87,2757
2026-04-10T14:00:00+00:00,6020.87,6030.38,6007.36,6008.38,2155.143925544291
2026-04-10T15:00:00+00:00,6008.38,6018.88,5978.88,5980.37,2217
2026-04-10T16:00:00+00:00,5980.37,5988.87,5974.86,5985.37,1533
2026-04-10T17:00:00+00:00,5985.37,5985.38,5969.86,5983.36,1096
2026-04-10T18:00:00+00:00,5983.36,5988.88,5977.86,5987.87,1115
2026-04-10T19:00:00+00:00,5987.87,5996.87,5986.86,5994.42,782.6390605686032
2026-04-13T06:00:00+00:00,5994.42,6002.92,5931.52,5943.03,1130.86638452237
2026-04-13T07:00:00+00:00,5943.03,5954.54,5942.54,5950.54,2059
2026-04-13T08:00:00+00:00,5950.54,5957.54,5941.52,5947.03,1557
2026-04-13T09:00:00+00:00,5947.03,5957.54,5944.52,5947.04,1047
2026-04-13T10:00:00+00:00,5947.04,5953.53,5945.52,5952.52,650.6929780748012
2026-04-13T11:00:00+00:00,5952.52,5960.53,5928.52,5931.03,1539
2026-04-13T12:00:00+00:00,5931.03,5947.54,5926.53,5947.02,1395
2026-04-13T13:00:00+00:00,5947.02,5985.54,5944.53,5981.54,2376
2026-04-13T14:00:00+00:00,5981.54,5989.54,5970.52,5987.02,3298
2026-04-13T15:00:00+00:00,5987.02,5993.53,5975.02,5980.54,1626
2026-04-13T16:00:00+00:00,5980.54,6019.54,5975.02,6011.02,3936
2026-04-13T17:00:00+00:00,6011.02,6018.03,6009.52,6010.53,880
2026-04-13T18:00:00+00:00,6010.53,6020.04,6010.53,6017.03,584.1549251172669
2026-04-13T19:00:00+00:00,6017.03,6025.59,6010.02,6025.08,472.30130529608743
2026-04-14T06:00:00+00:00,6025.08,6028.31,6012.29,6025.3,1012.5324347093513
2026-04-14T07:00:00+00:00,6025.3,6047.31,6017.29,6044.31,3236
2026-04-14T08:00:00+00:00,6044.31,6057.31,6036.29,6056.81,1758
2026-04-14T09:00:00+00:00,6056.81,6061.31,6038.29,6043.79,1248
2026-04-14T10:00:00+00:00,6043.79,6047.3,6033.31,6035.8,1157
2026-04-14T11:00:00+00:00,6035.8,6060.31,6032.31,6050.31,1250
2026-04-14T12:00:00+00:00,6050.31,6074.29,6048.29,6053.81,1813
2026-04-14T13:00:00+00:00,6053.81,6061.31,6046.3,6056.29,2399
2026-04-14T14:00:00+00:00,6056.29,6068.31,6054.29,6066.8,2041
2026-04-14T15:00:00+00:00,6066.8,6073.79,6055.8,6068.3,1377
2026-04-14T16:00:00+00:00,6068.3,6073.8,6057.81,6059.3,523.076
2026-04-14T17:00:00+00:00,6059.3,6067.81,6059.3,6063.8,403.86034019695614
2026-04-14T18:00:00+00:00,6063.8,6070.31,6059.8,6066.31,912
2026-04-14T19:00:00+00:00,6066.31,6073.81,6063.29,6069.35,663.0288126266607
2026-04-15T06:00:00+00:00,6069.35,6071.35,6049.6,6061.61,605.2874043145441
2026-04-15T07:00:00+00:00,6061.61,6064.62,6046.61,6053.12,1767
2026-04-15T08:00:00+00:00,6053.12,6066.62,6047.11,6062.62,917
2026-04-15T09:00:00+00:00,6062.62,6064.62,6045.6,6045.62,1520
2026-04-15T10:00:00+00:00,6045.62,6053.6,6032.6,6045.61,2036
2026-04-15T11:00:00+00:00,6045.61,6067.11,6040.6,6043.6,1678
2026-04-15T12:00:00+00:00,6043.6,6043.62,6024.62,6039.12,1378
2026-04-15T13:00:00+00:00,6039.12,6045.61,6020.61,6030.11,1980
2026-04-15T14:00:00+00:00,6030.11,6038.62,6023.6,6027.09,1359.387755102041
2026-04-15T15:00:00+00:00,6027.09,6036.080000000001,6019.080000000001,6020.59,919
2026-04-15T16:00:00+00:00,6020.59,6026.1,6003.09,6007.09,926
2026-04-15T17:00:00+00:00,6007.09,6013.1,6005.080000000001,6005.1,408
2026-04-15T18:00:00+00:00,6005.1,6020.080000000001,6003.080000000001,6019.1,800
2026-04-15T19:00:00+00:00,6019.1,6031.6,6016.1,6029.630000000001,470.0061099796334
2026-04-16T06:00:00+00:00,6029.630000000001,6051.68,6027.630000000001,6046.6900000000005,636.6020408163265
2026-04-16T07:00:00+00:00,6046.6900000000005,6051.6900000000005,6038.670000000001,6046.18,1448
2026-04-16T08:00:00+00:00,6046.18,6047.1900000000005,6032.170000000001,6038.6900000000005,1190
2026-04-16T09:00:00+00:00,6038.6900000000005,6048.6900000000005,6036.670000000001,6043.670000000001,738.578745811393
2026-04-16T10:00:00+00:00,6043.670000000001,6051.6900000000005,6037.68,6044.18,747
2026-04-16T11:00:00+00:00,6044.18,6051.6900000000005,6042.170000000001,6051.18,672
2026-04-16T12:00:00+00:00,6051.18,6053.6900000000005,6045.670000000001,6050.6900000000005,657
2026-04-16T13:00:00+00:00,6050.6900000000005,6055.6900000000005,6010.6900000000005,6024.170000000001,2054
2026-04-16T14:00:00+00:00,6024.170000000001,6030.6900000000005,6010.6900000000005,6015.18,3432
2026-04-16T15:00:00+00:00,6015.18,6027.6900000000005,6009.670000000001,6010.68,1671
2026-04-16T16:00:00+00:00,6010.68,6012.6900000000005,5989.68,5992.68,1154
2026-04-16T17:00:00+00:00,5992.68,5996.670000000001,5982.670000000001,5992.18,1062
2026-04-16T18:00:00+00:00,5992.18,5998.6900000000005,5988.670000000001,5997.670000000001,1395
2026-04-16T19:00:00+00:00,5997.670000000001,6004.68,5995.170000000001,6000.72,530
2026-04-17T06:00:00+00:00,6000.72,6008.110000000001,5997.09,6002.1,614.2298263534219
2026-04-17T07:00:00+00:00,6002.1,6032.110000000001,6000.110000000001,6030.6,1126
2026-04-17T08:00:00+00:00,6030.6,6044.110000000001,6028.09,6044.1,966
2026-04-17T09:00:00+00:00,6044.1,6059.1,6037.09,6052.1,732
2026-04-17T10:00:00+00:00,6052.1,6052.1,6040.09,6042.610000000001,717
2026-04-17T11:00:00+00:00,6042.610000000001,6046.1,6031.09,6035.6,539
2026-04-17T12:00:00+00:00,6035.6,6128.110000000001,6034.09,6120.1,4493
2026-04-17T13:00:00+00:00,6120.1,6152.09,6109.09,6129.110000000001,6788
2026-04-17T14:00:00+00:00,6129.110000000001,6159.09,6124.6,6150.08,2708.3210393302797
2026-04-17T15:00:00+00:00,6150.08,6153.09,6134.07,6137.07,2632
2026-04-17T16:00:00+00:00,6137.07,6140.09,6126.08,6135.58,849
2026-04-17T17:00:00+00:00,6135.58,6138.09,6105.07,6122.07,2367
2026-04-17T18:00:00+00:00,6122.07,6124.09,6110.08,6115.59,1288
2026-04-17T19:00:00+00:00,6115.59,6127.08,6112.07,6124.64,420.9405785770133
2026-04-20T06:00:00+00:00,6124.64,6128.64,6048.01,6058.02,1529.6548672566373
2026-04-20T07:00:00+00:00,6058.02,6079.02,6050.02,6059.52,3180
2026-04-20T08:00:00+00:00,6059.52,6064.03,6048.01,6059.52,2008
2026-04-20T09:00:00+00:00,6059.52,6068.03,6055.01,6055.51,1012
2026-04-20T10:00:00+00:00,6055.51,6067.03,6052.01,6056.51,790
2026-04-20T11:00:00+00:00,6056.51,6063.03,6049.02,6059.51,1047
2026-04-20T12:00:00+00:00,6059.51,6063.03,6053.01,6056.51,1025
2026-04-20T13:00:00+00:00,6056.51,6087.03,6053.01,6082.51,3579
2026-04-20T14:00:00+00:00,6082.51,6082.51,6044.02,6057.03,3470
2026-04-20T15:00:00+00:00,6057.03,6073.02,6053.01,6065.03,2253
2026-04-20T16:00:00+00:00,6065.03,6067.01,6059.02,6062.52,989
2026-04-20T17:00:00+00:00,6062.52,6074.01,6062.52,6070.01,884.7578806170355
2026-04-20T18:00:00+00:00,6070.01,6078.03,6067.02,6076.03,929
2026-04-20T19:00:00+00:00,6076.03,6083.56,6075.01,6082.57,422.0516049042568
2026-04-21T06:00:00+00:00,6082.57,6090.04,6078.04,6082.06,539.447619047619
2026-04-21T07:00:00+00:00,6082.06,6090.04,6071.05,6080.54,1384
2026-04-21T08:00:00+00:00,6080.54,6093.06,6073.04,6086.04,1359
2026-04-21T09:00:00+00:00,6086.04,6101.06,6078.06,6094.54,726.3864661654136
2026-04-21T10:00:00+00:00,6094.54,6099.06,6087.05,6098.06,471
2026-04-21T11:00:00+00:00,6098.06,6099.06,6080.04,6080.55,939
2026-04-21T12:00:00+00:00,6080.55,6081.06,6063.06,6067.04,1339.5125899280574
2026-04-21T13:00:00+00:00,6067.04,6069.05,6054.56,6064.54,2051
2026-04-21T14:00:00+00:00,6064.54,6065.06,6019.54,6020.54,2250
2026-04-21T15:00:00+00:00,6020.54,6031.55,6004.04,6013.04,3669
2026-04-21T16:00:00+00:00,6013.04,6028.06,6004.05,6004.55,2127
2026-04-21T17:00:00+00:00,6004.55,6016.05,5986.04,6003.05,3915
2026-04-21T18:00:00+00:00,6003.05,6012.54,5991.04,6002.54,3052
2026-04-21T19:00:00+00:00,6002.54,6015.05,5960.04,5973.6,5079
2026-04-22T06:00:00+00:00,5973.6,6031.47,5968.6,6031.47,935.2575272261371
2026-04-22T07:00:00+00:00,6031.47,6038.95,6021.45,6021.46,1540
2026-04-22T08:00:00+00:00,6021.46,6024.47,5997.45,6009.96,1833
2026-04-22T09:00:00+00:00,6009.96,6018.46,5993.46,5998.96,1864
2026-04-22T10:00:00+00:00,5998.96,6009.47,5987.45,6005.97,1556
2026-04-22T11:00:00+00:00,6005.97,6015.47,6000.45,6013.46,1289
2026-04-22T12:00:00+00:00,6013.46,6021.47,5998.47,6001.45,1657
2026-04-22T13:00:00+00:00,6001.45,6022.46,5994.47,6001.96,4029
2026-04-22T14:00:00+00:00,6001.96,6003.47,5978.45,5987.95,3497.4918092464504
2026-04-22T15:00:00+00:00,5987.95,5992.95,5975.94,5984.45,2280
2026-04-22T16:00:00+00:00,5984.45,5997.96,5982.94,5991.46,1849
2026-04-22T17:00:00+00:00,5991.46,6006.96,5990.94,6002.44,1424
2026-04-22T18:00:00+00:00,6002.44,6002.44,5986.95,5990.96,563.0488457678154
2026-04-22T19:00:00+00:00,5990.96,5990.96,5956.94,5986.99,1122
2026-04-23T06:00:00+00:00,5986.99,5989.99,5947.82,5957.32,991.5618718592965
2026-04-23T07:00:00+00:00,5957.32,5975.34,5951.82,5966.83,1841
2026-04-23T08:00:00+00:00,5966.83,5968.32,5936.32,5936.32,2237
2026-04-23T09:00:00+00:00,5936.32,5949.34,5923.32,5935.32,2411
2026-04-23T10:00:00+00:00,5935.32,5953.34,5926.32,5951.84,1658
2026-04-23T11:00:00+00:00,5951.84,5964.34,5939.32,5960.33,2343
2026-04-23T12:00:00+00:00,5960.33,5978.34,5942.83,5964.33,3180
2026-04-23T13:00:00+00:00,5964.33,5982.34,5956.32,5973.82,2127
2026-04-23T14:00:00+00:00,5973.82,5989.34,5966.32,5986.82,2207
2026-04-23T15:00:00+00:00,5986.82,5987.33,5951.33,5967.33,1787
2026-04-23T16:00:00+00:00,5967.33,5978.34,5961.32,5973.34,1566
2026-04-23T17:00:00+00:00,5973.34,5975.34,5869.32,5924.33,13054
2026-04-23T18:00:00+00:00,5924.33,5946.34,5920.82,5924.82,5807
2026-04-23T19:00:00+00:00,5924.82,5940.82,5921.32,5937.88,3404
2026-04-24T06:00:00+00:00,5937.88,5950.87,5937.37,5946.85,1219.2108789909341
2026-04-24T07:00:00+00:00,5946.85,5962.85,5944.87,5956.37,2129
2026-04-24T08:00:00+00:00,5956.37,5964.35,5924.85,5930.35,3013
2026-04-24T09:00:00+00:00,5930.35,5938.37,5918.87,5931.35,2146
2026-04-24T10:00:00+00:00,5931.35,5951.87,5930.86,5946.36,1223
2026-04-24T11:00:00+00:00,5946.36,6002.85,5945.85,5977.91,6572
2026-04-24T12:00:00+00:00,5977.91,5990.87,5950.86,5961.37,2839
2026-04-24T13:00:00+00:00,5961.37,5968.87,5951.37,5956.85,4137
2026-04-24T14:00:00+00:00,5956.85,5969.87,5949.86,5965.860000000001,4723.135852534562
2026-04-24T15:00:00+00:00,5965.860000000001,6013.37,5956.860000000001,5985.37,4525
2026-04-24T16:00:00+00:00,5985.37,5988.37,5973.860000000001,5983.38,2416
2026-04-24T17:00:00+00:00,5983.38,5992.88,5977.860000000001,5984.360000000001,1806
2026-04-24T18:00:00+00:00,5984.360000000001,5984.88,5976.860000000001,5978.88,1295
2026-04-24T19:00:00+00:00,5978.88,5987.88,5978.88,5986.93,987.8692998204667
2026-04-27T06:00:00+00:00,5986.93,5986.93,5956.38,5961.38,766.6553764393102
2026-04-27T07:00:00+00:00,5961.38,5974.39,5956.37,5956.39,2000
2026-04-27T08:00:00+00:00,5956.39,5976.39,5947.38,5972.88,1733
2026-04-27T09:00:00+00:00,5972.88,5985.38,5971.38,5983.38,555
2026-04-27T10:00:00+00:00,5983.38,6001.37,5979.87,5997.89,733
2026-04-27T11:00:00+00:00,5997.89,6010.88,5997.37,6003.89,488
2026-04-27T12:00:00+00:00,6003.89,6004.37,5965.37,5968.39,922
2026-04-27T13:00:00+00:00,5968.39,5974.39,5944.37,5960.88,2450
2026-04-27T14:00:00+00:00,5960.88,5962.39,5938.37,5938.88,2772
2026-04-27T15:00:00+00:00,5938.88,5959.38,5930.37,5957.37,1377
2026-04-27T16:00:00+00:00,5957.37,5960.39,5952.37,5954.37,615
2026-04-27T17:00:00+00:00,5954.37,5958.37,5946.37,5950.37,568.7652502876388
2026-04-27T18:00:00+00:00,5950.37,5955.39,5947.38,5953.38,333.402205882353
2026-04-27T19:00:00+00:00,5953.38,5959.89,5948.37,5948.93,521.7391646966115
2026-04-28T06:00:00+00:00,5948.93,5948.93,5929.04,5934.55,808.7319529938444
2026-04-28T07:00:00+00:00,5934.55,5951.05,5923.05,5950.54,2107
2026-04-28T08:00:00+00:00,5950.54,5958.06,5930.04,5953.56,2721
2026-04-28T09:00:00+00:00,5953.56,5962.05,5944.04,5949.04,1668
2026-04-28T10:00:00+00:00,5949.04,5958.06,5945.05,5956.55,1440
2026-04-28T11:00:00+00:00,5956.55,5961.06,5907.04,5912.55,2558
2026-04-28T12:00:00+00:00,5912.55,5935.06,5896.04,5931.04,3527
2026-04-28T13:00:00+00:00,5931.04,5933.06,5911.54,5920.56,3325
2026-04-28T14:00:00+00:00,5920.56,5923.06,5898.06,5918.54,4190
2026-04-28T15:00:00+00:00,5918.54,5926.06,5900.04,5907.55,2748
2026-04-28T16:00:00+00:00,5907.55,5916.06,5905.04,5911.05,1270
2026-04-28T17:00:00+00:00,5911.05,5912.55,5902.04,5908.56,804.4587050359712
2026-04-28T18:00:00+00:00,5908.56,5913.56,5906.04,5909.55,970
2026-04-28T19:00:00+00:00,5909.55,5914.06,5904.04,5908.04,497
2026-04-29T06:00:00+00:00,5908.04,5932.96,5908.04,5915.45,560.9948216340622
2026-04-29T07:00:00+00:00,5915.45,5923.95,5887.95,5890.97,1705
2026-04-29T08:00:00+00:00,5890.97,5898.45,5878.95,5883.95,3147
2026-04-29T09:00:00+00:00,5883.95,5896.47,5873.95,5877.47,1733
2026-04-29T10:00:00+00:00,5877.47,5902.97,5874.95,5892.46,1350
2026-04-29T11:00:00+00:00,5892.46,5900.97,5888.45,5899.45,1731
2026-04-29T12:00:00+00:00,5899.45,5904.47,5887.96,5898.95,1316
2026-04-29T13:00:00+00:00,5898.95,5906.96,5870.96,5886.47,2887
2026-04-29T14:00:00+00:00,5886.47,5899.97,5883.95,5896.45,2122.1350658232177
2026-04-29T15:00:00+00:00,5896.45,5900.44,5866.45,5873.96,2395
2026-04-29T16:00:00+00:00,5873.96,5880.46,5856.94,5863.95,2041
2026-04-29T17:00:00+00:00,5863.95,5871.46,5854.44,5870.94,1621.0285049447352
2026-04-29T18:00:00+00:00,5870.94,5873.95,5848.46,5867.95,4118
2026-04-29T19:00:00+00:00,5867.95,5874.46,5859.44,5866.49,1974
2026-04-30T06:00:00+00:00,5866.49,5867.99,5803.23,5821.23,1652.2199751088986
2026-04-30T07:00:00+00:00,5821.23,5857.25,5814.23,5850.74,2747
2026-04-30T08:00:00+00:00,5850.74,5862.74,5840.23,5840.75,2333
2026-04-30T09:00:00+00:00,5840.75,5875.75,5839.23,5871.25,2839
2026-04-30T10:00:00+00:00,5871.25,5889.24,5869.24,5886.73,2828
2026-04-30T11:00:00+00:00,5886.73,5910.24,5886.73,5905.24,2405
2026-04-30T12:00:00+00:00,5905.24,5923.3,5901.73,5913.23,2220
2026-04-30T13:00:00+00:00,5913.23,5922.73,5895.23,5904.25,3465
2026-04-30T14:00:00+00:00,5904.25,5949.25,5900.23,5942.24,3516.009793634138
2026-04-30T15:00:00+00:00,5942.24,5957.74,5937.23,5947.74,1819
2026-04-30T16:00:00+00:00,5947.74,5956.25,5944.23,5952.23,965.1444566410538
2026-04-30T17:00:00+00:00,5952.23,5962.25,5952.23,5960.25,919.9785522788204
2026-04-30T18:00:00+00:00,5960.25,5966.75,5958.23,5959.25,691.9810056478753
2026-04-30T19:00:00+00:00,5959.25,5971.25,5955.25,5955.78,667
2026-05-04T06:00:00+00:00,5955.78,5980.13,5954.28,5962.64,671.6096706377015
2026-05-04T07:00:00+00:00,5962.64,5963.13,5940.13,5940.62,1194
2026-05-04T08:00:00+00:00,5940.62,5942.12,5908.12,5909.63,911
2026-05-04T09:00:00+00:00,5909.63,5931.13,5909.12,5923.14,454.8234633735616
2026-05-04T10:00:00+00:00,5923.14,5928.14,5848.62,5887.62,8622
2026-05-04T11:00:00+00:00,5887.62,5903.13,5881.14,5897.63,3246
2026-05-04T12:00:00+00:00,5897.63,5912.14,5894.63,5900.13,2084
2026-05-04T13:00:00+00:00,5900.13,5902.12,5878.12,5885.63,4045
2026-05-04T14:00:00+00:00,5885.63,5892.14,5865.12,5866.12,2711
2026-05-04T15:00:00+00:00,5866.12,5872.14,5810.14,5821.64,5737
2026-05-04T16:00:00+00:00,5821.64,5825.14,5794.12,5800.13,4996
2026-05-04T17:00:00+00:00,5800.13,5834.14,5800.12,5826.12,2024
2026-05-04T18:00:00+00:00,5826.12,5832.14,5803.13,5809.63,1585
2026-05-04T19:00:00+00:00,5809.63,5825.14,5807.12,5823.18,1074
2026-05-05T06:00:00+00:00,5823.18,5844.67,5811.67,5843.16,1553.2219338092148
2026-05-05T07:00:00+00:00,5843.16,5905.68,5837.66,5882.67,4245
2026-05-05T08:00:00+00:00,5882.67,5905.68,5880.66,5904.18,2683
2026-05-05T09:00:00+00:00,5904.18,5915.18,5895.67,5913.67,1886
2026-05-05T10:00:00+00:00,5913.67,5928.68,5908.66,5917.68,1681
2026-05-05T11:00:00+00:00,5917.68,5922.67,5900.66,5907.16,2208
2026-05-05T12:00:00+00:00,5907.16,5924.18,5900.66,5910.18,2535
2026-05-05T13:00:00+00:00,5910.18,5922.68,5902.66,5911.67,2026
2026-05-05T14:00:00+00:00,5911.67,5918.68,5891.67,5916.66,3676
2026-05-05T15:00:00+00:00,5916.66,5948.68,5914.66,5938.67,1349
2026-05-05T16:00:00+00:00,5938.67,5943.68,5935.66,5939.67,720
2026-05-05T17:00:00+00:00,5939.67,5949.16,5935.66,5944.66,292.106648199446
2026-05-05T18:00:00+00:00,5944.66,5949.68,5943.66,5948.68,238.20203290064828
2026-05-05T19:00:00+00:00,5948.68,5952.68,5942.68,5945.72,289.00400801603206
2026-05-06T06:00:00+00:00,5945.72,5999.15,5945.72,5999.15,1188.0773222625844
2026-05-06T07:00:00+00:00,5999.15,6030.15,5994.13,6028.15,2837
2026-05-06T08:00:00+00:00,6028.15,6105.15,6026.13,6088.14,6296
2026-05-06T09:00:00+00:00,6088.14,6096.15,6065.13,6089.14,4723
2026-05-06T10:00:00+00:00,6089.14,6137.15,6088.13,6126.15,3756
2026-05-06T11:00:00+00:00,6126.15,6141.13,6114.13,6116.64,3858
2026-05-06T12:00:00+00:00,6116.64,6117.15,6072.13,6095.65,4553
2026-05-06T13:00:00+00:00,6095.65,6097.15,6074.13,6086.13,4255
2026-05-06T14:00:00+00:00,6086.13,6107.15,6078.14,6100.65,4099.998794636131
2026-05-06T15:00:00+00:00,6100.65,6114.16,6093.15,6100.16,1802
2026-05-06T16:00:00+00:00,6100.16,6107.669999999999,6095.65,6100.169999999999,1278
2026-05-06T17:00:00+00:00,6100.169999999999,6107.65,6098.65,6104.66,725
2026-05-06T18:00:00+00:00,6104.66,6109.66,6103.66,6107.669999999999,535.9250346967588
2026-05-06T19:00:00+00:00,6107.669999999999,6121.669999999999,6107.66,6112.2,830.4153992793699
2026-05-07T06:00:00+00:00,6112.2,6133.679999999999,6105.679999999999,6122.7,1236.8932907348244
2026-05-07T07:00:00+00:00,6122.7,6139.7,6109.679999999999,6118.179999999999,4586
2026-05-07T08:00:00+00:00,6118.179999999999,6129.679999999999,6106.179999999999,6108.7,2410
2026-05-07T09:00:00+00:00,6108.7,6114.7,6099.679999999999,6101.179999999999,1432
2026-05-07T10:00:00+00:00,6101.179999999999,6107.69,6094.679999999999,6095.69,1340
2026-05-07T11:00:00+00:00,6095.69,6106.7,6091.19,6100.69,1274.0540322580646
2026-05-07T12:00:00+00:00,6100.69,6119.7,6097.2,6112.69,1206
2026-05-07T13:00:00+00:00,6112.69,6112.69,6072.679999999999,6081.179999999999,2244
2026-05-07T14:00:00+00:00,6081.179999999999,6082.7,6061.69,6070.19,2242
2026-05-07T15:00:00+00:00,6070.19,6070.19,6026.679999999999,6030.19,2824
2026-05-07T16:00:00+00:00,6030.19,6033.7,6007.69,6012.7,4071
2026-05-07T17:00:00+00:00,6012.7,6016.7,5976.19,6000.2,5287
2026-05-07T18:00:00+00:00,6000.2,6002.7,5977.679999999999,5993.7,3733
2026-05-07T19:00:00+00:00,5993.7,6000.7,5974.679999999999,5985.74,2878
2026-05-08T06:00:00+00:00,5985.74,5999.389999999999,5976.24,5990.389999999999,1547.772258669166
2026-05-08T07:00:00+00:00,5990.389999999999,5990.389999999999,5967.37,5988.389999999999,3281
2026-05-08T08:00:00+00:00,5988.389999999999,5989.389999999999,5974.37,5977.87,2134
2026-05-08T09:00:00+00:00,5977.87,6001.389999999999,5976.87,5984.389999999999,1540
2026-05-08T10:00:00+00:00,5984.389999999999,5994.389999999999,5979.37,5991.879999999999,1605
2026-05-08T11:00:00+00:00,5991.879999999999,5997.379999999999,5976.37,5982.379999999999,1303
2026-05-08T12:00:00+00:00,5982.379999999999,5998.379999999999,5971.889999999999,5978.37,1976
2026-05-08T13:00:00+00:00,5978.37,6007.389999999999,5968.37,6007.379999999999,2212
2026-05-08T14:00:00+00:00,6007.379999999999,6008.37,5972.37,5975.889999999999,2181.2054011119935
2026-05-08T15:00:00+00:00,5975.889999999999,5978.889999999999,5956.879999999999,5976.87,1763
2026-05-08T16:00:00+00:00,5976.87,5984.889999999999,5972.87,5972.87,1014
2026-05-08T17:00:00+00:00,5972.87,5989.889999999999,5970.889999999999,5984.889999999999,725
2026-05-08T18:00:00+00:00,5984.889999999999,6000.889999999999,5978.87,5982.879999999999,1028
2026-05-08T19:00:00+00:00,5982.879999999999,5998.889999999999,5982.879999999999,5995.929999999999,935
2026-05-11T06:00:00+00:00,5995.929999999999,5997.929999999999,5955.889999999999,5963.379999999999,788.7507365939894
2026-05-11T07:00:00+00:00,5963.379999999999,5971.9,5956.879999999999,5960.4,2001
2026-05-11T08:00:00+00:00,5960.4,5965.9,5950.879999999999,5951.4,1818
2026-05-11T09:00:00+00:00,5951.4,5962.9,5943.879999999999,5950.4,924
2026-05-11T10:00:00+00:00,5950.4,5953.9,5942.9,5947.4,1349
2026-05-11T11:00:00+00:00,5947.4,5952.9,5935.879999999999,5940.879999999999,1107.4396177237186
2026-05-11T12:00:00+00:00,5940.879999999999,5952.9,5932.889999999999,5950.879999999999,1578
2026-05-11T13:00:00+00:00,5950.879999999999,5965.9,5949.879999999999,5953.389999999999,1592
2026-05-11T14:00:00+00:00,5953.389999999999,5956.889999999999,5935.889999999999,5946.389999999999,2048
2026-05-11T15:00:00+00:00,5946.389999999999,5961.4,5944.879999999999,5950.4,1333
2026-05-11T16:00:00+00:00,5950.4,5953.9,5932.889999999999,5934.879999999999,1400
2026-05-11T17:00:00+00:00,5934.879999999999,5947.889999999999,5932.879999999999,5946.889999999999,659
2026-05-11T18:00:00+00:00,5946.889999999999,5952.9,5944.889999999999,5946.379999999999,755
2026-05-11T19:00:00+00:00,5946.379999999999,5954.9,5938.879999999999,5952.929999999999,637.4902186421174
2026-05-12T06:00:00+00:00,5952.929999999999,5953.929999999999,5890.3099999999995,5898.299999999999,1204.6791179117913
2026-05-12T07:00:00+00:00,5898.299999999999,5919.32,5880.799999999999,5905.3099999999995,2146
2026-05-12T08:00:00+00:00,5905.3099999999995,5917.32,5897.299999999999,5905.3099999999995,2124
2026-05-12T09:00:00+00:00,5905.3099999999995,5924.32,5895.8099999999995,5900.799999999999,2312
2026-05-12T10:00:00+00:00,5900.799999999999,5911.32,5898.299999999999,5904.3099999999995,1030
2026-05-12T11:00:00+00:00,5904.3099999999995,5915.32,5896.799999999999,5901.32,1462
2026-05-12T12:00:00+00:00,5901.32,5916.32,5891.299999999999,5909.82,2057
2026-05-12T13:00:00+00:00,5909.82,5912.299999999999,5882.3099999999995,5883.82,1848
2026-05-12T14:00:00+00:00,5883.82,5895.32,5877.299999999999,5878.82,2994
2026-05-12T15:00:00+00:00,5878.82,5884.3099999999995,5864.3099999999995,5873.8099999999995,1972
2026-05-12T16:00:00+00:00,5873.8099999999995,5880.32,5868.799999999999,5874.32,1988
2026-05-12T17:00:00+00:00,5874.32,5893.32,5873.799999999999,5890.3099999999995,1319
2026-05-12T18:00:00+00:00,5890.3099999999995,5898.32,5884.299999999999,5892.799999999999,1199
2026-05-12T19:00:00+00:00,5892.799999999999,5908.32,5892.299999999999,5907.86,671
2026-05-13T06:00:00+00:00,5907.86,5923.589999999999,5905.36,5922.589999999999,845.7345254470426
2026-05-13T07:00:00+00:00,5922.589999999999,5922.589999999999,5898.079999999999,5902.579999999999,1783
2026-05-13T08:00:00+00:00,5902.579999999999,5916.589999999999,5896.57,5899.07,1446
2026-05-13T09:00:00+00:00,5899.07,5903.589999999999,5887.07,5897.57,1490
2026-05-13T10:00:00+00:00,5897.57,5903.579999999999,5881.57,5889.079999999999,1460
2026-05-13T11:00:00+00:00,5889.079999999999,5897.079999999999,5885.07,5897.079999999999,878
2026-05-13T12:00:00+00:00,5897.079999999999,5900.589999999999,5862.57,5878.07,1686
2026-05-13T13:00:00+00:00,5878.07,5901.57,5878.07,5899.079999999999,2364
2026-05-13T14:00:00+00:00,5899.079999999999,5914.579999999999,5893.57,5913.07,1489.041841004184
2026-05-13T15:00:00+00:00,5913.07,5937.07,5908.05,5928.0599999999995,999
2026-05-13T16:00:00+00:00,5928.0599999999995,5946.5599999999995,5927.5599999999995,5942.07,1265
2026-05-13T17:00:00+00:00,5942.07,5948.57,5941.55,5945.0599999999995,610.5818908122503
2026-05-13T18:00:00+00:00,5945.0599999999995,5953.57,5945.0599999999995,5950.05,932
2026-05-13T19:00:00+00:00,5950.05,5959.57,5950.05,5954.6,809
2026-05-14T06:00:00+00:00,5954.6,5980.45,5954.1,5969.45,753.5844155844156
2026-05-14T07:00:00+00:00,5969.45,5976.46,5948.46,5949.94,1598
2026-05-14T08:00:00+00:00,5949.94,5978.46,5947.44,5976.46,1771
2026-05-14T09:00:00+00:00,5976.46,5981.45,5963.44,5977.95,1454
2026-05-14T10:00:00+00:00,5977.95,5989.46,5973.45,5983.44,1703
2026-05-14T11:00:00+00:00,5983.44,5997.46,5978.46,5991.44,1082
2026-05-14T12:00:00+00:00,5991.44,5998.46,5983.45,5990.95,717
2026-05-14T13:00:00+00:00,5990.95,5991.46,5977.45,5980.44,1268
2026-05-14T14:00:00+00:00,5980.44,6008.45,5978.44,6001.44,1770
2026-05-14T15:00:00+00:00,6001.44,6007.45,5992.95,5997.95,991
2026-05-14T16:00:00+00:00,5997.95,5999.96,5978.45,5983.94,1594
2026-05-14T17:00:00+00:00,5983.94,5989.46,5967.95,5976.46,2108.7131175468485
2026-05-14T18:00:00+00:00,5976.46,5981.46,5966.44,5981.45,1373.720284456485
2026-05-14T19:00:00+00:00,5981.45,5983.46,5970.44,5974.49,965.4731452009638
2026-05-15T06:00:00+00:00,5974.49,5979.49,5912.67,5940.68,1655.6669466610667
2026-05-15T07:00:00+00:00,5940.68,5952.68,5922.68,5928.68,2120
2026-05-15T08:00:00+00:00,5928.68,5930.68,5886.67,5905.17,3150
2026-05-15T09:00:00+00:00,5905.17,5909.19,5892.67,5898.69,2170
2026-05-15T10:00:00+00:00,5898.69,5925.68,5889.67,5921.18,4175
2026-05-15T11:00:00+00:00,5921.18,5924.69,5889.67,5897.18,2194
2026-05-15T12:00:00+00:00,5897.18,5897.18,5882.68,5894.68,2234
2026-05-15T13:00:00+00:00,5894.68,5905.69,5879.67,5886.17,3303
2026-05-15T14:00:00+00:00,5886.17,5909.68,5880.67,5898.18,4532.818417080009
2026-05-15T15:00:00+00:00,5898.18,5902.68,5872.660000000001,5881.68,2519
2026-05-15T16:00:00+00:00,5881.68,5888.68,5874.670000000001,5883.68,1737
2026-05-15T17:00:00+00:00,5883.68,5896.68,5881.660000000001,5894.18,1027
2026-05-15T18:00:00+00:00,5894.18,5896.68,5880.660000000001,5886.68,1356
2026-05-15T19:00:00+00:00,5886.68,5887.68,5875.660000000001,5879.22,1048
2026-05-18T06:00:00+00:00,5879.22,5883.72,5801.77,5827.780000000001,2026.636672665467
2026-05-18T07:00:00+00:00,5827.780000000001,5856.77,5827.780000000001,5848.780000000001,3647
2026-05-18T08:00:00+00:00,5848.780000000001,5874.790000000001,5847.780000000001,5874.280000000001,1815
2026-05-18T09:00:00+00:00,5874.280000000001,5877.290000000001,5865.77,5872.290000000001,1382
2026-05-18T10:00:00+00:00,5872.290000000001,5874.77,5853.77,5860.27,1477
2026-05-18T11:00:00+00:00,5860.27,5912.790000000001,5847.77,5890.77,4498
2026-05-18T12:00:00+00:00,5890.77,5946.780000000001,5887.780000000001,5946.280000000001,3609
2026-05-18T13:00:00+00:00,5946.280000000001,5948.790000000001,5919.77,5939.790000000001,4275
2026-05-18T14:00:00+00:00,5939.790000000001,5947.77,5916.77,5929.780000000001,3985
2026-05-18T15:00:00+00:00,5929.780000000001,5933.780000000001,5900.77,5924.790000000001,3026
2026-05-18T16:00:00+00:00,5924.790000000001,5932.790000000001,5905.27,5915.290000000001,2421
2026-05-18T17:00:00+00:00,5915.290000000001,5923.790000000001,5907.77,5916.290000000001,1099
2026-05-18T18:00:00+00:00,5916.290000000001,5917.780000000001,5882.790000000001,5885.290000000001,2480
2026-05-18T19:00:00+00:00,5885.290000000001,5943.830000000001,5882.780000000001,5943.830000000001,4489
2026-05-19T06:00:00+00:00,5943.830000000001,5944.330000000001,5905.47,5919.47,1482.9474054942475
2026-05-19T07:00:00+00:00,5919.47,5978.500000000001,5916.47,5972.990000000001,2632
2026-05-19T08:00:00+00:00,5972.990000000001,5975.500000000001,5946.4800000000005,5967.020000000001,2714
2026-05-19T09:00:00+00:00,5967.020000000001,5971.060000000002,5948.540000000002,5961.030000000002,2282
2026-05-19T10:00:00+00:00,5961.030000000002,5976.050000000002,5950.050000000002,5965.050000000002,3158
2026-05-19T11:00:00+00:00,5965.050000000002,5969.050000000002,5944.540000000002,5944.550000000002,2359
2026-05-19T12:00:00+00:00,5944.550000000002,5970.040000000002,5942.050000000002,5965.540000000002,1649
2026-05-19T13:00:00+00:00,5965.540000000002,5968.530000000002,5932.030000000002,5946.530000000002,5115
2026-05-19T14:00:00+00:00,5946.530000000002,5958.050000000002,5912.540000000002,5930.530000000002,5729
2026-05-19T15:00:00+00:00,5930.530000000002,5942.050000000002,5912.030000000002,5917.030000000002,3224
2026-05-19T16:00:00+00:00,5917.030000000002,5932.050000000002,5910.030000000002,5929.550000000002,2326
2026-05-19T17:00:00+00:00,5929.550000000002,5933.050000000002,5924.030000000002,5928.030000000002,919
2026-05-19T18:00:00+00:00,5928.030000000002,5933.050000000002,5910.540000000002,5912.540000000002,1762
2026-05-19T19:00:00+00:00,5912.540000000002,5925.050000000002,5904.030000000002,5908.590000000002,1797
2026-05-20T06:00:00+00:00,5908.590000000002,5921.8600000000015,5899.850000000002,5920.370000000002,1670.0722304596484
2026-05-20T07:00:00+00:00,5920.370000000002,5938.870000000002,5914.850000000002,5915.850000000002,1508
2026-05-20T08:00:00+00:00,5915.850000000002,5956.370000000002,5912.850000000002,5951.850000000002,2614
2026-05-20T09:00:00+00:00,5951.850000000002,5962.870000000002,5945.850000000002,5961.370000000002,1203
2026-05-20T10:00:00+00:00,5961.370000000002,5984.8600000000015,5960.8600000000015,5966.8600000000015,944
2026-05-20T11:00:00+00:00,5966.8600000000015,5973.870000000002,5960.850000000002,5964.370000000002,1222
2026-05-20T12:00:00+00:00,5964.370000000002,5979.3600000000015,5962.3600000000015,5962.870000000002,1241
2026-05-20T13:00:00+00:00,5962.870000000002,5985.850000000002,5961.850000000002,5983.370000000002,2579
2026-05-20T14:00:00+00:00,5983.370000000002,6041.350000000002,5962.870000000002,6033.870000000002,6970
2026-05-20T15:00:00+00:00,6033.870000000002,6087.370000000002,6029.8600000000015,6040.8600000000015,4805
2026-05-20T16:00:00+00:00,6040.8600000000015,6047.870000000002,6029.850000000002,6040.370000000002,2860
2026-05-20T17:00:00+00:00,6040.370000000002,6051.850000000002,6033.850000000002,6046.350000000002,2697
2026-05-20T18:00:00+00:00,6046.350000000002,6055.370000000002,6043.850000000002,6052.8600000000015,1290.8742386196284
2026-05-20T19:00:00+00:00,6052.8600000000015,6063.870000000002,6051.8600000000015,6061.420000000002,1126.9260648272166
2026-05-21T06:00:00+00:00,6061.420000000002,6061.920000000002,6025.480000000002,6032.490000000002,1414.210671573137
2026-05-21T07:00:00+00:00,6032.490000000002,6044.500000000002,6015.540000000002,6038.500000000002,2071
2026-05-21T08:00:00+00:00,6038.500000000002,6078.000000000002,6038.490000000002,6060.480000000002,2464
2026-05-21T09:00:00+00:00,6060.480000000002,6081.500000000002,6058.480000000002,6073.500000000002,1717
2026-05-21T10:00:00+00:00,6073.500000000002,6078.980000000002,5995.480000000002,6007.980000000002,5642
2026-05-21T11:00:00+00:00,6007.980000000002,6027.490000000002,6003.480000000002,6016.990000000002,2220
2026-05-21T12:00:00+00:00,6016.990000000002,6026.500000000002,6004.990000000002,6015.500000000002,2519
2026-05-21T13:00:00+00:00,6015.500000000002,6059.500000000002,6012.480000000002,6058.990000000002,4029
2026-05-21T14:00:00+00:00,6058.990000000002,6062.500000000002,6037.480000000002,6055.000000000002,3958
2026-05-21T15:00:00+00:00,6055.000000000002,6058.500000000002,6029.490000000002,6037.480000000002,2292
2026-05-21T16:00:00+00:00,6037.480000000002,6049.500000000002,6037.480000000002,6044.500000000002,1818
2026-05-21T17:00:00+00:00,6044.500000000002,6117.490000000002,6044.490000000002,6108.480000000002,4906
2026-05-21T18:00:00+00:00,6108.480000000002,6113.480000000002,6078.480000000002,6085.500000000002,4131
2026-05-21T19:00:00+00:00,6085.500000000002,6099.500000000002,6079.480000000002,6091.040000000002,2629
2026-05-22T06:00:00+00:00,6091.040000000002,6097.250000000002,6085.290000000002,6090.240000000002,1223.3096723868955
2026-05-22T07:00:00+00:00,6090.240000000002,6090.250000000002,6062.250000000002,6075.760000000002,2193
2026-05-22T08:00:00+00:00,6075.760000000002,6085.260000000002,6061.240000000002,6071.740000000002,2917
2026-05-22T09:00:00+00:00,6071.740000000002,6084.250000000002,6061.240000000002,6081.240000000002,1564
2026-05-22T10:00:00+00:00,6081.240000000002,6086.260000000002,6068.240000000002,6069.760000000002,1093
2026-05-22T11:00:00+00:00,6069.760000000002,6086.740000000002,6064.250000000002,6078.260000000002,1071
2026-05-22T12:00:00+00:00,6078.260000000002,6109.260000000002,6077.240000000002,6103.260000000002,3286
2026-05-22T13:00:00+00:00,6103.260000000002,6108.260000000002,6092.240000000002,6099.260000000002,3468
2026-05-22T14:00:00+00:00,6099.260000000002,6099.750000000002,6079.250000000002,6097.250000000002,2177.414750198255
2026-05-22T15:00:00+00:00,6097.250000000002,6101.760000000002,6078.760000000002,6082.250000000002,1251
2026-05-22T16:00:00+00:00,6082.250000000002,6086.770000000002,6074.760000000002,6080.750000000002,1072
2026-05-22T17:00:00+00:00,6080.750000000002,6104.770000000002,6068.750000000002,6084.750000000002,2694
2026-05-22T18:00:00+00:00,6084.750000000002,6087.770000000002,6075.750000000002,6080.760000000002,1222
2026-05-22T19:00:00+00:00,6080.760000000002,6081.770000000002,6064.750000000002,6068.800000000002,1561
2026-05-25T06:00:00+00:00,6068.800000000002,6161.610000000002,6067.300000000002,6150.100000000002,736.9970972423803
2026-05-25T07:00:00+00:00,6150.100000000002,6170.610000000002,6133.590000000002,6161.610000000002,1889
2026-05-25T08:00:00+00:00,6161.610000000002,6169.600000000002,6154.590000000002,6165.610000000002,749.5268120212139
2026-05-25T09:00:00+00:00,6165.610000000002,6183.610000000002,6164.590000000002,6179.600000000002,619.4749568221071
2026-05-25T10:00:00+00:00,6179.600000000002,6186.610000000002,6177.590000000002,6182.590000000002,560.888153053716
2026-05-25T11:00:00+00:00,6182.590000000002,6194.610000000002,6176.590000000002,6190.590000000002,662.5184358347904
2026-05-25T12:00:00+00:00,6190.590000000002,6206.610000000002,6188.590000000002,6193.600000000002,771.1217137293087
2026-05-25T13:00:00+00:00,6193.600000000002,6208.600000000002,6192.090000000002,6206.100000000002,417.1868031227215
2026-05-25T14:00:00+00:00,6206.100000000002,6216.600000000002,6203.110000000002,6209.600000000002,445.58088235294116
2026-05-25T15:00:00+00:00,6209.600000000002,6219.600000000002,6200.590000000002,6215.600000000002,1441.354070152217
2026-05-25T16:00:00+00:00,6215.600000000002,6217.610000000002,6209.600000000002,6217.110000000002,568.7996015588303
2026-05-25T17:00:00+00:00,6217.110000000002,6223.600000000002,6215.590000000002,6215.590000000002,228.5245461287143
2026-05-25T18:00:00+00:00,6215.590000000002,6216.600000000002,6213.090000000002,6215.590000000002,354.46588465590764
2026-05-25T19:00:00+00:00,6215.590000000002,6215.610000000002,6211.090000000002,6214.590000000002,388.54588624489287
2026-05-26T06:00:00+00:00,6214.590000000002,6215.590000000002,6184.540000000002,6193.550000000002,1059.6071060762101
2026-05-26T07:00:00+00:00,6193.550000000002,6200.560000000002,6161.550000000002,6171.540000000002,2131
2026-05-26T08:00:00+00:00,6171.540000000002,6173.060000000002,6151.540000000002,6152.550000000002,1670
2026-05-26T09:00:00+00:00,6152.550000000002,6163.560000000002,6149.540000000002,6157.040000000002,1236
2026-05-26T10:00:00+00:00,6157.040000000002,6170.560000000002,6152.550000000002,6165.060000000002,1399
2026-05-26T11:00:00+00:00,6165.060000000002,6166.560000000002,6149.540000000002,6163.540000000002,1265
2026-05-26T12:00:00+00:00,6163.540000000002,6174.550000000002,6155.540000000002,6171.060000000002,876
2026-05-26T13:00:00+00:00,6171.060000000002,6174.550000000002,6151.050000000002,6157.060000000002,1597
2026-05-26T14:00:00+00:00,6157.060000000002,6164.560000000002,6150.540000000002,6155.060000000002,1302
2026-05-26T15:00:00+00:00,6155.060000000002,6155.060000000002,6130.560000000002,6138.560000000002,1220
2026-05-26T16:00:00+00:00,6138.560000000002,6147.560000000002,6135.540000000002,6138.560000000002,999
2026-05-26T17:00:00+00:00,6138.560000000002,6141.560000000002,6133.540000000002,6137.540000000002,754
2026-05-26T18:00:00+00:00,6137.540000000002,6145.560000000002,6136.540000000002,6142.550000000002,819.1525423728814
2026-05-26T19:00:00+00:00,6142.550000000002,6153.560000000002,6140.540000000002,6152.590000000002,754
2026-05-27T06:00:00+00:00,6152.590000000002,6164.460000000002,6150.440000000002,6156.440000000002,638.2949266566077
2026-05-27T07:00:00+00:00,6156.440000000002,6179.460000000002,6155.440000000002,6173.950000000003,1490
2026-05-27T08:00:00+00:00,6173.950000000003,6184.460000000002,6168.960000000002,6179.950000000003,1245
2026-05-27T09:00:00+00:00,6179.950000000003,6193.440000000002,6179.940000000002,6186.950000000003,782
2026-05-27T10:00:00+00:00,6186.950000000003,6194.940000000002,6182.440000000002,6189.950000000003,716
2026-05-27T11:00:00+00:00,6189.950000000003,6193.460000000002,6177.460000000002,6177.460000000002,761
2026-05-27T12:00:00+00:00,6177.460000000002,6208.450000000003,6171.440000000002,6180.960000000002,3672
2026-05-27T13:00:00+00:00,6180.960000000002,6186.460000000002,6155.450000000003,6169.450000000003,2134
2026-05-27T14:00:00+00:00,6169.450000000003,6170.450000000003,6124.450000000003,6149.450000000003,3015.9805146140397
2026-05-27T15:00:00+00:00,6149.450000000003,6159.950000000003,6126.930000000003,6134.930000000003,2020
2026-05-27T16:00:00+00:00,6134.930000000003,6145.950000000003,6128.940000000003,6140.940000000003,937.1013016411998
2026-05-27T17:00:00+00:00,6140.940000000003,6143.950000000003,6130.940000000003,6137.950000000003,1319
2026-05-27T18:00:00+00:00,6137.950000000003,6150.950000000003,6135.940000000003,6147.940000000003,700.6190165865946
2026-05-27T19:00:00+00:00,6147.940000000003,6154.940000000003,6141.450000000003,6145.480000000003,765
2026-05-28T06:00:00+00:00,6145.480000000003,6147.980000000003,6105.770000000003,6118.260000000003,526.2207831325302
2026-05-28T07:00:00+00:00,6118.260000000003,6136.7800000000025,6117.760000000003,6130.7800000000025,1966
2026-05-28T08:00:00+00:00,6130.7800000000025,6135.7800000000025,6120.760000000003,6129.760000000003,1503
2026-05-28T09:00:00+00:00,6129.760000000003,6140.7800000000025,6127.7800000000025,6136.2800000000025,857
2026-05-28T10:00:00+00:00,6136.2800000000025,6137.7800000000025,6109.7800000000025,6118.2800000000025,1475
2026-05-28T11:00:00+00:00,6118.2800000000025,6123.760000000003,6112.760000000003,6113.270000000003,1356.8158336128815
2026-05-28T12:00:00+00:00,6113.270000000003,6124.7800000000025,6106.270000000003,6121.770000000003,925
2026-05-28T13:00:00+00:00,6121.770000000003,6129.760000000003,6097.760000000003,6104.770000000003,1281
2026-05-28T14:00:00+00:00,6104.770000000003,6159.7800000000025,6099.760000000003,6120.260000000003,6338
2026-05-28T15:00:00+00:00,6120.260000000003,6133.760000000003,6119.270000000003,6127.7800000000025,1329
2026-05-28T16:00:00+00:00,6127.7800000000025,6143.770000000003,6121.770000000003,6142.260000000003,946
2026-05-28T17:00:00+00:00,6142.260000000003,6143.7800000000025,6131.760000000003,6134.770000000003,485.60970293823004
2026-05-28T18:00:00+00:00,6134.770000000003,6136.770000000003,6122.760000000003,6128.260000000003,723
2026-05-28T19:00:00+00:00,6128.260000000003,6130.7800000000025,6122.320000000002,6122.810000000003,436.79034259469245
2026-05-29T06:00:00+00:00,6122.810000000003,6148.010000000003,6122.310000000003,6148.010000000003,708.8121597096189
2026-05-29T07:00:00+00:00,6148.010000000003,6161.020000000003,6140.510000000003,6159.520000000003,1891
2026-05-29T08:00:00+00:00,6159.520000000003,6165.020000000003,6153.000000000003,6155.520000000003,1105
2026-05-29T09:00:00+00:00,6155.520000000003,6180.000000000003,6154.000000000003,6169.500000000003,1408
2026-05-29T10:00:00+00:00,6169.500000000003,6170.020000000003,6156.010000000003,6165.000000000003,959.4635193133047
2026-05-29T11:00:00+00:00,6165.000000000003,6166.020000000003,6142.000000000003,6155.020000000003,1155
2026-05-29T12:00:00+00:00,6155.020000000003,6159.020000000003,6146.000000000003,6152.510000000003,1035.7678650687972
2026-05-29T13:00:00+00:00,6152.510000000003,6157.020000000003,6133.510000000003,6135.020000000003,1114
2026-05-29T14:00:00+00:00,6135.020000000003,6155.020000000003,6126.010000000003,6145.010000000003,2853.5198396793585
2026-05-29T15:00:00+00:00,6145.010000000003,6155.520000000003,6106.000000000003,6116.020000000003,2927
2026-05-29T16:00:00+00:00,6116.020000000003,6125.500000000003,6114.500000000003,6119.520000000003,1056
2026-05-29T17:00:00+00:00,6119.520000000003,6123.500000000003,6105.520000000003,6105.520000000003,598
2026-05-29T18:00:00+00:00,6105.520000000003,6112.520000000003,6097.500000000003,6101.500000000003,972
2026-05-29T19:00:00+00:00,6101.500000000003,6109.520000000003,6099.500000000003,6100.550000000003,795
2026-06-01T06:00:00+00:00,6100.550000000003,6125.520000000003,6098.550000000003,6117.500000000003,752.5384907197171
2026-06-01T07:00:00+00:00,6117.500000000003,6132.520000000003,6114.500000000003,6129.000000000003,2255
2026-06-01T08:00:00+00:00,6129.000000000003,6134.520000000003,6118.510000000003,6131.510000000003,1551
2026-06-01T09:00:00+00:00,6131.510000000003,6140.520000000003,6117.000000000003,6122.010000000003,1050
2026-06-01T10:00:00+00:00,6122.010000000003,6135.000000000003,6119.000000000003,6131.520000000003,794.9066541865215
2026-06-01T11:00:00+00:00,6131.520000000003,6139.520000000003,6122.500000000003,6136.510000000003,959
2026-06-01T12:00:00+00:00,6136.510000000003,6153.520000000003,6129.520000000003,6147.500000000003,1631
2026-06-01T13:00:00+00:00,6147.500000000003,6148.520000000003,6073.500000000003,6076.520000000003,9048
2026-06-01T14:00:00+00:00,6076.520000000003,6099.020000000003,6069.500000000003,6079.510000000003,3880
2026-06-01T15:00:00+00:00,6079.510000000003,6113.520000000003,6076.020000000003,6100.520000000003,3047
2026-06-01T16:00:00+00:00,6100.520000000003,6119.520000000003,6092.000000000003,6116.520000000003,2036
2026-06-01T17:00:00+00:00,6116.520000000003,6152.510000000003,6107.500000000003,6132.520000000003,2186
2026-06-01T18:00:00+00:00,6132.520000000003,6137.520000000003,6130.500000000003,6131.520000000003,652.0901303538175
2026-06-01T19:00:00+00:00,6131.520000000003,6135.500000000003,6119.500000000003,6121.060000000003,734.1121495327103
2026-06-02T06:00:00+00:00,6121.060000000003,6145.370000000003,6118.060000000003,6145.370000000003,777.158672917418
2026-06-02T07:00:00+00:00,6145.370000000003,6178.390000000003,6143.370000000003,6178.370000000003,2072
2026-06-02T08:00:00+00:00,6178.370000000003,6186.890000000003,6163.880000000003,6169.380000000003,1840.0723763570568
2026-06-02T09:00:00+00:00,6169.380000000003,6171.390000000003,6151.870000000003,6167.380000000003,1032
2026-06-02T10:00:00+00:00,6167.380000000003,6170.880000000003,6161.870000000003,6167.380000000003,687.0095020904599
2026-06-02T11:00:00+00:00,6167.380000000003,6177.890000000003,6163.870000000003,6174.390000000003,824
2026-06-02T12:00:00+00:00,6174.390000000003,6175.890000000003,6157.870000000003,6160.380000000003,1040
2026-06-02T13:00:00+00:00,6160.380000000003,6160.890000000003,6142.880000000003,6154.880000000003,2365
2026-06-02T14:00:00+00:00,6154.880000000003,6176.890000000003,6150.870000000003,6171.390000000003,1904
2026-06-02T15:00:00+00:00,6171.390000000003,6182.390000000003,6166.870000000003,6174.380000000003,1020
2026-06-02T16:00:00+00:00,6174.380000000003,6176.870000000003,6156.880000000003,6163.890000000003,837.9624832514515
2026-06-02T17:00:00+00:00,6163.890000000003,6166.880000000003,6152.870000000003,6155.880000000003,423.58934372969463
2026-06-02T18:00:00+00:00,6155.880000000003,6167.870000000003,6155.880000000003,6165.870000000003,371.536479160192
2026-06-02T19:00:00+00:00,6165.870000000003,6173.930000000003,6165.870000000003,6172.920000000003,274.720828063381
2026-06-03T06:00:00+00:00,6172.920000000003,6176.920000000003,6156.140000000003,6165.630000000003,909.7267879285499
2026-06-03T07:00:00+00:00,6165.630000000003,6170.140000000003,6145.120000000003,6164.120000000003,1976
2026-06-03T08:00:00+00:00,6164.120000000003,6167.630000000003,6156.120000000003,6163.640000000003,1440
2026-06-03T09:00:00+00:00,6163.640000000003,6171.130000000003,6150.130000000003,6151.120000000003,809
2026-06-03T10:00:00+00:00,6151.120000000003,6169.140000000003,6142.130000000003,6151.140000000003,1960
2026-06-03T11:00:00+00:00,6151.140000000003,6157.140000000003,6144.640000000003,6153.130000000003,743.4932362122788
2026-06-03T12:00:00+00:00,6153.130000000003,6155.640000000003,6135.620000000003,6143.620000000003,769
2026-06-03T13:00:00+00:00,6143.620000000003,6151.140000000003,6125.130000000003,6144.620000000003,1668
2026-06-03T14:00:00+00:00,6144.620000000003,6148.640000000003,6126.630000000003,6138.120000000003,1925.325631768953
2026-06-03T15:00:00+00:00,6138.120000000003,6142.640000000003,6120.630000000003,6130.130000000003,1300
2026-06-03T16:00:00+00:00,6130.130000000003,6130.640000000003,6118.620000000003,6125.630000000003,801
2026-06-03T17:00:00+00:00,6125.630000000003,6130.640000000003,6119.140000000003,6128.630000000003,759.6792160907685
2026-06-03T18:00:00+00:00,6128.630000000003,6130.640000000003,6123.620000000003,6128.140000000003,503.33819064966605
2026-06-03T19:00:00+00:00,6128.140000000003,6128.140000000003,6115.630000000003,6117.180000000003,626.5743145743146
2026-06-04T06:00:00+00:00,6117.180000000003,6140.520000000003,6116.680000000003,6137.010000000003,984.7027961043041
2026-06-04T07:00:00+00:00,6137.010000000003,6173.020000000003,6130.500000000003,6167.500000000003,1804
2026-06-04T08:00:00+00:00,6167.500000000003,6171.020000000003,6140.500000000003,6142.500000000003,1815
2026-06-04T09:00:00+00:00,6142.500000000003,6163.020000000003,6130.500000000003,6159.520000000003,1296
2026-06-04T10:00:00+00:00,6159.520000000003,6159.520000000003,6130.500000000003,6139.500000000003,928
2026-06-04T11:00:00+00:00,6139.500000000003,6162.520000000003,6139.500000000003,6161.500000000003,1943
2026-06-04T12:00:00+00:00,6161.500000000003,6172.510000000003,6151.500000000003,6165.510000000003,1998
2026-06-04T13:00:00+00:00,6165.510000000003,6168.020000000003,6151.500000000003,6163.510000000003,2663
2026-06-04T14:00:00+00:00,6163.510000000003,6170.510000000003,6152.500000000003,6162.010000000003,2125
2026-06-04T15:00:00+00:00,6162.010000000003,6184.520000000003,6157.500000000003,6175.010000000003,1096
2026-06-04T16:00:00+00:00,6175.010000000003,6186.520000000003,6174.500000000003,6186.010000000003,696
2026-06-04T17:00:00+00:00,6186.010000000003,6192.520000000003,6182.520000000003,6189.500000000003,452.6349471341124
2026-06-04T18:00:00+00:00,6189.500000000003,6198.020000000003,6187.500000000003,6194.520000000003,333.2149273523948
2026-06-04T19:00:00+00:00,6194.520000000003,6201.510000000003,6190.050000000003,6190.570000000002,355.45048154611857
2026-06-05T06:00:00+00:00,6190.570000000002,6198.070000000002,6172.2400000000025,6174.260000000003,1118.2685185185185
2026-06-05T07:00:00+00:00,6174.260000000003,6182.250000000003,6152.7400000000025,6164.750000000003,2087
2026-06-05T08:00:00+00:00,6164.750000000003,6174.260000000003,6153.250000000003,6172.260000000003,1866
2026-06-05T09:00:00+00:00,6172.260000000003,6198.260000000003,6171.2400000000025,6185.2400000000025,2396
2026-06-05T10:00:00+00:00,6185.2400000000025,6196.260000000003,6178.7400000000025,6188.760000000003,901.2899105003523
2026-06-05T11:00:00+00:00,6188.760000000003,6195.260000000003,6175.7400000000025,6187.2400000000025,1006
2026-06-05T12:00:00+00:00,6187.2400000000025,6190.310000000003,6168.7400000000025,6170.2400000000025,2460
2026-06-05T13:00:00+00:00,6170.2400000000025,6183.250000000003,6147.2400000000025,6155.760000000003,4026
2026-06-05T14:00:00+00:00,6155.760000000003,6169.260000000003,6145.2400000000025,6162.250000000003,4662.307878336898
2026-06-05T15:00:00+00:00,6162.250000000003,6163.270000000003,6138.250000000003,6142.270000000003,2109
2026-06-05T16:00:00+00:00,6142.270000000003,6142.270000000003,6120.250000000003,6132.260000000003,1967
2026-06-05T17:00:00+00:00,6132.260000000003,6136.270000000003,6120.250000000003,6131.770000000003,1337
2026-06-05T18:00:00+00:00,6131.770000000003,6134.250000000003,6095.250000000003,6102.250000000003,2590
2026-06-05T19:00:00+00:00,6102.250000000003,6106.270000000003,6080.250000000003,6097.300000000003,3551
2026-06-08T06:00:00+00:00,6097.300000000003,6100.800000000003,6048.190000000003,6059.2000000000035,2550.0373134328356
2026-06-08T07:00:00+00:00,6059.2000000000035,6107.190000000003,6056.2000000000035,6094.710000000003,3231
2026-06-08T08:00:00+00:00,6094.710000000003,6105.7000000000035,6089.190000000003,6097.710000000003,2458
2026-06-08T09:00:00+00:00,6097.710000000003,6126.210000000003,6097.210000000003,6122.2000000000035,2449
2026-06-08T10:00:00+00:00,6122.2000000000035,6152.210000000003,6109.190000000003,6122.690000000003,2864
2026-06-08T11:00:00+00:00,6122.690000000003,6162.190000000003,6117.190000000003,6144.690000000003,4513
2026-06-08T12:00:00+00:00,6144.690000000003,6152.190000000003,6132.190000000003,6138.2000000000035,2361
2026-06-08T13:00:00+00:00,6138.2000000000035,6170.210000000003,6138.190000000003,6158.710000000003,4385
2026-06-08T14:00:00+00:00,6158.710000000003,6168.710000000003,6146.190000000003,6166.190000000003,4102
2026-06-08T15:00:00+00:00,6166.190000000003,6171.210000000003,6147.2000000000035,6149.190000000003,1980
2026-06-08T16:00:00+00:00,6149.190000000003,6153.710000000003,6141.190000000003,6141.190000000003,2663
2026-06-08T17:00:00+00:00,6141.190000000003,6141.210000000003,6126.190000000003,6135.7000000000035,2340
2026-06-08T18:00:00+00:00,6135.7000000000035,6149.210000000003,6135.190000000003,6143.210000000003,1515
2026-06-08T19:00:00+00:00,6143.210000000003,6144.210000000003,6124.2000000000035,6141.260000000003,2041
2026-06-09T06:00:00+00:00,6141.260000000003,6147.550000000003,6133.530000000003,6138.540000000003,1006.9692307692308
2026-06-09T07:00:00+00:00,6138.540000000003,6181.540000000003,6134.540000000003,6175.530000000003,2191
2026-06-09T08:00:00+00:00,6175.530000000003,6200.550000000003,6171.530000000003,6198.030000000003,1598
2026-06-09T09:00:00+00:00,6198.030000000003,6206.550000000003,6193.550000000003,6204.550000000003,734
2026-06-09T10:00:00+00:00,6204.550000000003,6211.550000000003,6190.530000000003,6208.550000000003,1282
2026-06-09T11:00:00+00:00,6208.550000000003,6213.040000000003,6195.530000000003,6196.550000000003,711.4013492404863
2026-06-09T12:00:00+00:00,6196.550000000003,6198.550000000003,6185.530000000003,6197.540000000003,851
2026-06-09T13:00:00+00:00,6197.540000000003,6232.530000000003,6192.550000000003,6221.550000000003,2015
2026-06-09T14:00:00+00:00,6221.550000000003,6227.550000000003,6166.530000000003,6184.040000000003,6208
2026-06-09T15:00:00+00:00,6184.040000000003,6187.550000000003,6126.030000000003,6126.550000000003,6683
2026-06-09T16:00:00+00:00,6126.550000000003,6140.550000000003,6071.030000000003,6090.550000000003,11775
2026-06-09T17:00:00+00:00,6090.550000000003,6147.540000000003,6090.050000000003,6140.550000000003,7044
2026-06-09T18:00:00+00:00,6140.550000000003,6169.530000000003,6136.530000000003,6166.030000000003,4415
2026-06-09T19:00:00+00:00,6166.030000000003,6169.550000000003,6144.550000000003,6165.590000000003,4995
2026-06-10T06:00:00+00:00,6165.590000000003,6167.090000000003,6149.350000000003,6150.360000000003,1486.7883796644128
2026-06-10T07:00:00+00:00,6150.360000000003,6152.370000000003,6134.370000000003,6147.360000000003,2680
2026-06-10T08:00:00+00:00,6147.360000000003,6149.870000000003,6106.350000000003,6111.350000000003,3156
2026-06-10T09:00:00+00:00,6111.350000000003,6118.350000000003,6098.360000000003,6112.370000000003,2446
2026-06-10T10:00:00+00:00,6112.370000000003,6112.870000000003,6092.350000000003,6105.350000000003,1961
2026-06-10T11:00:00+00:00,6105.350000000003,6109.360000000003,6053.350000000003,6089.370000000003,8225
2026-06-10T12:00:00+00:00,6089.370000000003,6122.360000000003,6085.860000000003,6111.860000000003,5239
2026-06-10T13:00:00+00:00,6111.860000000003,6144.350000000003,6103.350000000003,6138.860000000003,4847
2026-06-10T14:00:00+00:00,6138.860000000003,6146.370000000003,6109.350000000003,6112.850000000003,5423.33897158322
2026-06-10T15:00:00+00:00,6112.850000000003,6121.860000000002,6074.840000000003,6099.860000000002,7207
2026-06-10T16:00:00+00:00,6099.860000000002,6105.860000000002,6083.840000000003,6090.840000000003,5777
2026-06-10T17:00:00+00:00,6090.840000000003,6095.860000000002,6074.840000000003,6093.340000000003,4860
2026-06-10T18:00:00+00:00,6093.340000000003,6101.350000000003,6073.360000000002,6077.840000000003,4996
2026-06-10T19:00:00+00:00,6077.840000000003,6080.860000000002,6064.840000000003,6065.410000000003,3957
2026-06-11T06:00:00+00:00,6065.410000000003,6101.190000000003,6062.410000000003,6099.200000000003,1808.7439898776888
2026-06-11T07:00:00+00:00,6099.200000000003,6139.700000000003,6097.180000000003,6118.690000000003,2467
2026-06-11T08:00:00+00:00,6118.690000000003,6143.200000000003,6118.190000000003,6136.680000000003,1823
2026-06-11T09:00:00+00:00,6136.680000000003,6154.200000000003,6128.180000000003,6149.680000000003,1101
2026-06-11T10:00:00+00:00,6149.680000000003,6154.200000000003,6145.180000000003,6147.680000000003,1152
2026-06-11T11:00:00+00:00,6147.680000000003,6159.200000000003,6142.180000000003,6157.200000000003,1812
2026-06-11T12:00:00+00:00,6157.200000000003,6158.180000000003,6104.180000000003,6133.690000000003,7264
2026-06-11T13:00:00+00:00,6133.690000000003,6169.200000000003,6122.180000000003,6159.200000000003,6619
2026-06-11T14:00:00+00:00,6159.200000000003,6169.690000000003,6130.680000000003,6134.190000000003,6930
2026-06-11T15:00:00+00:00,6134.190000000003,6156.200000000003,6129.200000000003,6144.200000000003,4482
2026-06-11T16:00:00+00:00,6144.200000000003,6152.200000000003,6132.180000000003,6132.200000000003,4038
2026-06-11T17:00:00+00:00,6132.200000000003,6243.200000000003,6124.180000000003,6225.200000000003,11222
2026-06-11T18:00:00+00:00,6225.200000000003,6230.200000000003,6204.680000000003,6222.200000000003,5770
2026-06-11T19:00:00+00:00,6222.200000000003,6261.200000000003,6221.680000000003,6254.730000000003,4064
2026-06-12T06:00:00+00:00,6254.730000000003,6260.230000000003,6227.850000000003,6235.360000000002,1741.5696774193548
2026-06-12T07:00:00+00:00,6235.360000000002,6285.870000000003,6216.850000000003,6262.360000000002,3749
2026-06-12T08:00:00+00:00,6262.360000000002,6288.360000000002,6251.850000000003,6258.860000000002,4104
2026-06-12T09:00:00+00:00,6258.860000000002,6283.870000000003,6257.870000000003,6269.870000000003,1952
2026-06-12T10:00:00+00:00,6269.870000000003,6271.870000000003,6237.860000000002,6251.370000000003,2139
2026-06-12T11:00:00+00:00,6251.370000000003,6257.870000000003,6244.850000000003,6245.860000000002,1389
2026-06-12T12:00:00+00:00,6245.860000000002,6246.870000000003,6210.850000000003,6212.860000000002,2072
2026-06-12T13:00:00+00:00,6212.860000000002,6245.870000000003,6211.850000000003,6230.870000000003,6731
2026-06-12T14:00:00+00:00,6230.870000000003,6268.380000000003,6230.360000000002,6265.360000000003,6839.332910637028
2026-06-12T15:00:00+00:00,6265.360000000003,6279.370000000003,6240.360000000003,6243.380000000003,3798
2026-06-12T16:00:00+00:00,6243.380000000003,6269.380000000003,6238.360000000003,6264.880000000003,4415
2026-06-12T17:00:00+00:00,6264.880000000003,6276.380000000003,6264.370000000003,6267.860000000003,1750
2026-06-12T18:00:00+00:00,6267.860000000003,6277.380000000003,6266.360000000003,6269.870000000003,1771
2026-06-12T19:00:00+00:00,6269.870000000003,6277.880000000003,6264.370000000003,6269.4100000000035,1604.2002868068835
2026-06-15T06:00:00+00:00,6269.4100000000035,6378.860000000003,6268.4100000000035,6368.370000000003,1042.1207430340557
2026-06-15T07:00:00+00:00,6368.370000000003,6379.870000000003,6346.360000000003,6348.350000000003,3694
2026-06-15T08:00:00+00:00,6348.350000000003,6355.870000000003,6339.850000000003,6341.850000000003,2302
2026-06-15T09:00:00+00:00,6341.850000000003,6345.870000000003,6328.850000000003,6336.360000000003,1609
2026-06-15T10:00:00+00:00,6336.360000000003,6346.350000000003,6334.350000000003,6343.850000000003,1082
2026-06-15T11:00:00+00:00,6343.850000000003,6355.870000000003,6343.350000000003,6354.370000000003,1465
2026-06-15T12:00:00+00:00,6354.370000000003,6357.870000000003,6342.850000000003,6344.850000000003,1531
2026-06-15T13:00:00+00:00,6344.850000000003,6346.870000000003,6316.850000000003,6317.850000000003,2236
2026-06-15T14:00:00+00:00,6317.850000000003,6327.870000000003,6308.860000000003,6320.860000000003,2186
2026-06-15T15:00:00+00:00,6320.860000000003,6333.870000000003,6312.860000000003,6329.850000000003,1345
2026-06-15T16:00:00+00:00,6329.850000000003,6330.870000000003,6322.850000000003,6328.370000000003,560
2026-06-15T17:00:00+00:00,6328.370000000003,6329.870000000003,6321.850000000003,6324.370000000003,373.2386567016663
2026-06-15T18:00:00+00:00,6324.370000000003,6325.860000000003,6317.850000000003,6318.850000000003,418
2026-06-15T19:00:00+00:00,6318.850000000003,6320.870000000003,6311.860000000003,6317.370000000003,570.7594558235257
2026-06-16T06:00:00+00:00,6317.370000000003,6336.710000000003,6316.370000000003,6335.210000000003,650.9791492910758
2026-06-16T07:00:00+00:00,6335.210000000003,6345.710000000003,6327.690000000003,6344.690000000003,1673
2026-06-16T08:00:00+00:00,6344.690000000003,6371.2000000000035,6341.7000000000035,6370.190000000003,1650
2026-06-16T09:00:00+00:00,6370.190000000003,6373.710000000003,6361.190000000003,6365.190000000003,897
2026-06-16T10:00:00+00:00,6365.190000000003,6369.710000000003,6357.690000000003,6368.2000000000035,757.3632887189292
2026-06-16T11:00:00+00:00,6368.2000000000035,6368.2000000000035,6355.690000000003,6362.210000000003,744.179435483871
2026-06-16T12:00:00+00:00,6362.210000000003,6366.690000000003,6350.690000000003,6352.7000000000035,1160.0453001132503
2026-06-16T13:00:00+00:00,6352.7000000000035,6360.690000000003,6344.690000000003,6346.210000000003,1475
2026-06-16T14:00:00+00:00,6346.210000000003,6356.710000000003,6342.690000000003,6344.210000000003,2219
2026-06-16T15:00:00+00:00,6344.210000000003,6345.710000000003,6323.690000000003,6333.7000000000035,2319
2026-06-16T16:00:00+00:00,6333.7000000000035,6341.710000000003,6332.690000000003,6336.690000000003,1385
2026-06-16T17:00:00+00:00,6336.690000000003,6336.710000000003,6327.690000000003,6334.710000000003,1132
2026-06-16T18:00:00+00:00,6334.710000000003,6334.710000000003,6323.710000000003,6324.690000000003,738
2026-06-16T19:00:00+00:00,6324.690000000003,6325.710000000003,6311.690000000003,6312.260000000003,1305
2026-06-17T06:00:00+00:00,6312.260000000003,6332.580000000003,6307.760000000003,6330.070000000003,682.5125072716696
2026-06-17T07:00:00+00:00,6330.070000000003,6354.580000000003,6328.560000000003,6351.570000000003,2110
2026-06-17T08:00:00+00:00,6351.570000000003,6354.580000000003,6334.560000000003,6348.570000000003,1575
2026-06-17T09:00:00+00:00,6348.570000000003,6364.080000000003,6347.060000000003,6363.570000000003,899
2026-06-17T10:00:00+00:00,6363.570000000003,6371.570000000003,6357.570000000003,6368.580000000003,831
2026-06-17T11:00:00+00:00,6368.580000000003,6373.580000000003,6352.560000000003,6355.580000000003,817
2026-06-17T12:00:00+00:00,6355.580000000003,6365.580000000003,6354.560000000003,6361.060000000003,885
2026-06-17T13:00:00+00:00,6361.060000000003,6374.580000000003,6354.560000000003,6360.570000000003,1590
2026-06-17T14:00:00+00:00,6360.570000000003,6378.580000000003,6348.560000000003,6363.090000000002,3664.3399059334297
2026-06-17T15:00:00+00:00,6363.090000000002,6386.070000000002,6360.070000000002,6381.090000000002,2292
2026-06-17T16:00:00+00:00,6381.090000000002,6385.590000000002,6371.070000000002,6374.080000000003,1119
2026-06-17T17:00:00+00:00,6374.080000000003,6379.070000000002,6364.070000000002,6378.090000000002,1062.0893509412756
2026-06-17T18:00:00+00:00,6378.090000000002,6386.090000000002,6339.570000000002,6361.580000000003,11704
2026-06-17T19:00:00+00:00,6361.580000000003,6369.090000000002,6318.070000000002,6325.630000000002,11348
2026-06-18T06:00:00+00:00,6325.630000000002,6377.460000000003,6318.630000000002,6377.460000000003,1925.2637571157495
2026-06-18T07:00:00+00:00,6377.460000000003,6404.460000000003,6374.950000000003,6392.950000000003,3431
2026-06-18T08:00:00+00:00,6392.950000000003,6398.460000000003,6358.440000000002,6358.440000000002,2411
2026-06-18T09:00:00+00:00,6358.440000000002,6388.460000000003,6355.440000000002,6384.960000000003,2118
2026-06-18T10:00:00+00:00,6384.960000000003,6388.460000000003,6374.440000000002,6375.450000000003,1708
2026-06-18T11:00:00+00:00,6375.450000000003,6379.460000000003,6363.450000000003,6378.960000000003,1838
2026-06-18T12:00:00+00:00,6378.960000000003,6403.450000000003,6377.440000000002,6401.950000000003,1774
2026-06-18T13:00:00+00:00,6401.950000000003,6404.460000000003,6380.440000000002,6383.950000000003,4118
2026-06-18T14:00:00+00:00,6383.950000000003,6407.460000000003,6380.460000000003,6407.460000000003,3254
2026-06-18T15:00:00+00:00,6407.460000000003,6411.460000000003,6391.440000000002,6406.450000000003,2540
2026-06-18T16:00:00+00:00,6406.450000000003,6410.440000000002,6402.440000000002,6405.450000000003,920.2635928664637
2026-06-18T17:00:00+00:00,6405.450000000003,6413.460000000003,6403.450000000003,6408.460000000003,635.0017021276595
2026-06-18T18:00:00+00:00,6408.460000000003,6409.460000000003,6398.440000000002,6400.460000000003,700
2026-06-18T19:00:00+00:00,6400.460000000003,6416.460000000003,6393.940000000002,6407.000000000003,814
2026-06-19T06:00:00+00:00,6407.000000000003,6413.100000000002,6396.090000000002,6408.580000000003,781.1437908496732
2026-06-19T07:00:00+00:00,6408.580000000003,6429.100000000002,6408.080000000003,6427.100000000002,1636
2026-06-19T08:00:00+00:00,6427.100000000002,6431.080000000003,6422.080000000003,6426.090000000002,1063
2026-06-19T09:00:00+00:00,6426.090000000002,6429.100000000002,6412.090000000002,6419.080000000003,1497
2026-06-19T10:00:00+00:00,6419.080000000003,6422.100000000002,6398.080000000003,6407.090000000002,1120
2026-06-19T11:00:00+00:00,6407.090000000002,6414.090000000002,6399.090000000002,6409.590000000002,1013
2026-06-19T12:00:00+00:00,6409.590000000002,6417.100000000002,6385.580000000003,6416.080000000003,1333.3670212765958
2026-06-19T13:00:00+00:00,6416.080000000003,6420.090000000002,6403.080000000003,6408.600000000002,1028
2026-06-19T14:00:00+00:00,6408.600000000002,6413.090000000002,6402.580000000003,6402.600000000002,576.8136516852542
2026-06-19T15:00:00+00:00,6402.600000000002,6405.100000000002,6373.100000000002,6381.100000000002,1084
2026-06-19T16:00:00+00:00,6381.100000000002,6388.100000000002,6371.100000000002,6374.090000000002,284.0002056049348
2026-06-19T17:00:00+00:00,6374.090000000002,6374.590000000002,6371.080000000003,6373.100000000002,131.92678676767792
2026-06-19T18:00:00+00:00,6373.100000000002,6374.100000000002,6372.080000000003,6372.580000000003,97.29359595886294
2026-06-19T19:00:00+00:00,6372.580000000003,6376.100000000002,6363.140000000002,6367.100000000002,164.2159856545941
2026-06-22T06:00:00+00:00,6367.100000000002,6399.890000000002,6366.600000000002,6395.880000000002,645.1456456456456
2026-06-22T07:00:00+00:00,6395.880000000002,6402.900000000002,6383.930000000002,6388.890000000002,2374
2026-06-22T08:00:00+00:00,6388.890000000002,6389.900000000002,6378.880000000002,6381.890000000002,1433
2026-06-22T09:00:00+00:00,6381.890000000002,6386.900000000002,6369.880000000002,6369.900000000002,1338
2026-06-22T10:00:00+00:00,6369.900000000002,6384.390000000002,6369.900000000002,6381.380000000002,954
2026-06-22T11:00:00+00:00,6381.380000000002,6398.400000000002,6380.880000000002,6397.900000000002,1456.9299363057326
2026-06-22T12:00:00+00:00,6397.900000000002,6403.900000000002,6393.880000000002,6398.900000000002,649
2026-06-22T13:00:00+00:00,6398.900000000002,6418.900000000002,6398.900000000002,6416.880000000002,2617
2026-06-22T14:00:00+00:00,6416.880000000002,6417.900000000002,6401.880000000002,6408.400000000002,2924
2026-06-22T15:00:00+00:00,6408.400000000002,6417.950000000003,6398.880000000002,6399.380000000002,1872
2026-06-22T16:00:00+00:00,6399.380000000002,6403.900000000002,6392.880000000002,6399.900000000002,1188
2026-06-22T17:00:00+00:00,6399.900000000002,6399.900000000002,6389.900000000002,6393.400000000002,802
2026-06-22T18:00:00+00:00,6393.400000000002,6400.890000000002,6391.890000000002,6394.380000000002,523.3121042843075
2026-06-22T19:00:00+00:00,6394.380000000002,6407.930000000002,6391.900000000002,6406.930000000002,774
2026-06-23T06:00:00+00:00,6406.930000000002,6406.930000000002,6333.150000000002,6335.650000000002,1680.5861790803979
2026-06-23T07:00:00+00:00,6335.650000000002,6341.160000000003,6306.170000000003,6310.150000000002,3875
2026-06-23T08:00:00+00:00,6310.150000000002,6315.170000000003,6295.170000000003,6308.160000000003,2861
2026-06-23T09:00:00+00:00,6308.160000000003,6326.150000000002,6307.150000000002,6325.650000000002,1491
2026-06-23T10:00:00+00:00,6325.650000000002,6340.650000000002,6316.150000000002,6320.650000000002,1632
2026-06-23T11:00:00+00:00,6320.650000000002,6337.160000000003,6318.150000000002,6328.160000000003,1954
2026-06-23T12:00:00+00:00,6328.160000000003,6333.170000000003,6318.170000000003,6325.150000000002,1679
2026-06-23T13:00:00+00:00,6325.150000000002,6337.160000000003,6312.650000000002,6336.650000000002,3628
2026-06-23T14:00:00+00:00,6336.650000000002,6348.660000000003,6330.150000000002,6335.150000000002,3713
2026-06-23T15:00:00+00:00,6335.150000000002,6339.170000000003,6311.150000000002,6327.170000000003,2716
2026-06-23T16:00:00+00:00,6327.170000000003,6341.170000000003,6326.170000000003,6338.660000000003,1555
2026-06-23T17:00:00+00:00,6338.660000000003,6340.170000000003,6328.150000000002,6328.170000000003,1139.1987348444914
2026-06-23T18:00:00+00:00,6328.170000000003,6333.170000000003,6312.150000000002,6317.150000000002,1386
2026-06-23T19:00:00+00:00,6317.150000000002,6328.170000000003,6314.150000000002,6314.200000000003,2571
2026-06-24T06:00:00+00:00,6314.200000000003,6324.510000000002,6307.700000000003,6317.500000000003,1042.4268573307036
2026-06-24T07:00:00+00:00,6317.500000000003,6321.4900000000025,6287.4900000000025,6291.9900000000025,3133
2026-06-24T08:00:00+00:00,6291.9900000000025,6309.510000000002,6291.4900000000025,6303.9900000000025,1861
2026-06-24T09:00:00+00:00,6303.9900000000025,6311.510000000002,6293.4900000000025,6301.000000000003,1345
2026-06-24T10:00:00+00:00,6301.000000000003,6304.510000000002,6293.4900000000025,6293.500000000003,1349.2406034939122
2026-06-24T11:00:00+00:00,6293.500000000003,6302.510000000002,6287.9900000000025,6300.500000000003,1342
2026-06-24T12:00:00+00:00,6300.500000000003,6307.510000000002,6290.010000000002,6290.9900000000025,1156
2026-06-24T13:00:00+00:00,6290.9900000000025,6296.510000000002,6270.4900000000025,6289.010000000002,4123
2026-06-24T14:00:00+00:00,6289.010000000002,6298.000000000003,6274.4900000000025,6297.000000000003,3645.2240674185155
2026-06-24T15:00:00+00:00,6297.000000000003,6306.010000000002,6281.9900000000025,6303.010000000002,1760
2026-06-24T16:00:00+00:00,6303.010000000002,6309.010000000002,6287.9900000000025,6288.010000000002,2041
2026-06-24T17:00:00+00:00,6288.010000000002,6294.010000000002,6266.9900000000025,6275.010000000002,3852
2026-06-24T18:00:00+00:00,6275.010000000002,6289.9900000000025,6269.000000000003,6274.510000000002,3256
2026-06-24T19:00:00+00:00,6274.510000000002,6294.010000000002,6266.000000000003,6287.050000000002,3309
2026-06-25T06:00:00+00:00,6287.050000000002,6327.980000000002,6285.550000000002,6327.980000000002,671.6256439610761
2026-06-25T07:00:00+00:00,6327.980000000002,6335.980000000002,6316.960000000003,6335.980000000002,1590
2026-06-25T08:00:00+00:00,6335.980000000002,6341.980000000002,6325.960000000003,6330.960000000003,1028
2026-06-25T09:00:00+00:00,6330.960000000003,6343.980000000002,6330.460000000003,6341.970000000002,799
2026-06-25T10:00:00+00:00,6341.970000000002,6347.980000000002,6339.460000000003,6343.480000000002,663
2026-06-25T11:00:00+00:00,6343.480000000002,6347.980000000002,6339.960000000003,6344.470000000002,531
2026-06-25T12:00:00+00:00,6344.470000000002,6357.970000000002,6341.020000000002,6356.460000000003,1380
2026-06-25T13:00:00+00:00,6356.460000000003,6357.970000000002,6315.960000000003,6319.970000000002,4522
2026-06-25T14:00:00+00:00,6319.970000000002,6363.980000000002,6319.960000000003,6354.960000000003,7958
2026-06-25T15:00:00+00:00,6354.960000000003,6364.980000000002,6331.960000000003,6357.460000000003,3829
2026-06-25T16:00:00+00:00,6357.460000000003,6369.960000000003,6344.960000000003,6352.980000000002,2740
2026-06-25T17:00:00+00:00,6352.980000000002,6362.970000000002,6350.960000000003,6359.980000000002,2565
2026-06-25T18:00:00+00:00,6359.980000000002,6360.480000000002,6343.960000000003,6349.980000000002,3042
2026-06-25T19:00:00+00:00,6349.980000000002,6350.980000000002,6340.970000000002,6348.5300000000025,2339
2026-06-26T06:00:00+00:00,6348.5300000000025,6352.0300000000025,6299.650000000002,6326.150000000002,1288.7886721423683
2026-06-26T07:00:00+00:00,6326.150000000002,6340.650000000002,6318.630000000002,6329.650000000002,2227
2026-06-26T08:00:00+00:00,6329.650000000002,6332.630000000002,6304.630000000002,6310.640000000002,1853
2026-06-26T09:00:00+00:00,6310.640000000002,6313.150000000002,6299.630000000002,6306.630000000002,1862
2026-06-26T10:00:00+00:00,6306.630000000002,6307.650000000002,6296.630000000002,6298.640000000002,1266
2026-06-26T11:00:00+00:00,6298.640000000002,6307.650000000002,6290.650000000002,6293.640000000002,1585
2026-06-26T12:00:00+00:00,6293.640000000002,6302.150000000002,6283.630000000002,6286.650000000002,1615.5451070336392
2026-06-26T13:00:00+00:00,6286.650000000002,6300.650000000002,6266.630000000002,6296.630000000002,5553
2026-06-26T14:00:00+00:00,6296.630000000002,6307.640000000002,6288.630000000002,6291.640000000002,3779.700814901048
2026-06-26T15:00:00+00:00,6291.640000000002,6321.140000000002,6287.120000000002,6311.620000000002,2865
2026-06-26T16:00:00+00:00,6311.620000000002,6313.140000000002,6288.120000000002,6303.120000000002,2535
2026-06-26T17:00:00+00:00,6303.120000000002,6311.140000000002,6299.120000000002,6299.640000000002,1804
2026-06-26T18:00:00+00:00,6299.640000000002,6302.140000000002,6285.120000000002,6287.120000000002,1491
2026-06-26T19:00:00+00:00,6287.120000000002,6301.130000000002,6283.120000000002,6293.170000000002,2222
2026-06-29T06:00:00+00:00,6293.170000000002,6332.520000000002,6291.170000000002,6319.510000000002,1015.5484221980414
2026-06-29T07:00:00+00:00,6319.510000000002,6322.020000000002,6302.000000000002,6313.010000000002,2510
2026-06-29T08:00:00+00:00,6313.010000000002,6319.010000000002,6294.000000000002,6294.500000000002,1916
2026-06-29T09:00:00+00:00,6294.500000000002,6309.020000000002,6293.500000000002,6300.000000000002,1134
2026-06-29T10:00:00+00:00,6300.000000000002,6306.520000000002,6292.010000000002,6304.020000000002,1126
2026-06-29T11:00:00+00:00,6304.020000000002,6312.010000000002,6298.000000000002,6311.000000000002,1344
2026-06-29T12:00:00+00:00,6311.000000000002,6314.020000000002,6301.000000000002,6310.520000000002,1006
2026-06-29T13:00:00+00:00,6310.520000000002,6322.520000000002,6305.000000000002,6311.010000000002,2915
2026-06-29T14:00:00+00:00,6311.010000000002,6314.020000000002,6284.010000000002,6310.500000000002,5085
2026-06-29T15:00:00+00:00,6310.500000000002,6325.010000000002,6302.000000000002,6322.010000000002,2310
2026-06-29T16:00:00+00:00,6322.010000000002,6337.010000000002,6321.500000000002,6334.000000000002,792
2026-06-29T17:00:00+00:00,6334.000000000002,6340.510000000002,6333.000000000002,6336.500000000002,491.0852228303362
2026-06-29T18:00:00+00:00,6336.500000000002,6347.520000000002,6336.000000000002,6343.010000000002,493.5275404298941
2026-06-29T19:00:00+00:00,6343.010000000002,6349.020000000002,6337.000000000002,6344.550000000002,786.0298742138365
2026-06-30T06:00:00+00:00,6344.550000000002,6355.980000000002,6343.050000000002,6353.980000000002,783.3230783078308
2026-06-30T07:00:00+00:00,6353.980000000002,6366.000000000002,6345.980000000002,6348.500000000002,1754
2026-06-30T08:00:00+00:00,6348.500000000002,6359.9900000000025,6344.480000000002,6352.000000000002,1269
2026-06-30T09:00:00+00:00,6352.000000000002,6380.480000000002,6351.480000000002,6377.9900000000025,866
2026-06-30T10:00:00+00:00,6377.9900000000025,6390.980000000002,6375.980000000002,6389.500000000002,624
2026-06-30T11:00:00+00:00,6389.500000000002,6395.000000000002,6386.000000000002,6389.000000000002,613.3795871559632
2026-06-30T12:00:00+00:00,6389.000000000002,6389.500000000002,6363.9900000000025,6373.500000000002,871
2026-06-30T13:00:00+00:00,6373.500000000002,6389.500000000002,6363.980000000002,6388.480000000002,1532
2026-06-30T14:00:00+00:00,6388.480000000002,6395.000000000002,6380.9900000000025,6385.4900000000025,1373
2026-06-30T15:00:00+00:00,6385.4900000000025,6411.9900000000025,6385.4900000000025,6406.000000000002,1183
2026-06-30T16:00:00+00:00,6406.000000000002,6414.500000000002,6404.480000000002,6412.980000000002,239
2026-06-30T17:00:00+00:00,6412.980000000002,6415.9900000000025,6408.980000000002,6413.9900000000025,288.75588643304116
2026-06-30T18:00:00+00:00,6413.9900000000025,6416.980000000002,6409.980000000002,6415.9900000000025,183.85063933849364
2026-06-30T19:00:00+00:00,6415.9900000000025,6417.980000000002,6407.980000000002,6412.540000000002,547.2990654205607
2026-07-01T06:00:00+00:00,6412.540000000002,6416.040000000002,6396.430000000002,6405.430000000002,624.3200501253133
2026-07-01T07:00:00+00:00,6405.430000000002,6405.450000000003,6373.450000000003,6395.940000000002,1965
2026-07-01T08:00:00+00:00,6395.940000000002,6408.440000000002,6388.930000000002,6403.940000000002,1106
2026-07-01T09:00:00+00:00,6403.940000000002,6404.450000000003,6391.430000000002,6399.950000000003,826.6789077212807
2026-07-01T10:00:00+00:00,6399.950000000003,6400.450000000003,6387.930000000002,6392.440000000002,832.1823268363688
2026-07-01T11:00:00+00:00,6392.440000000002,6395.940000000002,6371.430000000002,6372.440000000002,600
2026-07-01T12:00:00+00:00,6372.440000000002,6380.440000000002,6364.930000000002,6368.950000000003,1415
2026-07-01T13:00:00+00:00,6368.950000000003,6375.430000000002,6345.930000000002,6371.430000000002,2961
2026-07-01T14:00:00+00:00,6371.430000000002,6372.940000000002,6348.430000000002,6352.930000000002,1671.8276792598303
2026-07-01T15:00:00+00:00,6352.930000000002,6375.940000000002,6349.930000000002,6367.920000000002,1143
2026-07-01T16:00:00+00:00,6367.920000000002,6374.940000000002,6360.940000000002,6361.420000000002,613
2026-07-01T17:00:00+00:00,6361.420000000002,6367.940000000002,6358.420000000002,6359.940000000002,495.60020587153366
2026-07-01T18:00:00+00:00,6359.940000000002,6362.940000000002,6355.930000000002,6359.420000000002,400.99565976453727
2026-07-01T19:00:00+00:00,6359.420000000002,6366.940000000002,6357.920000000002,6362.490000000002,478.52304362201676
2026-07-02T06:00:00+00:00,6362.490000000002,6364.490000000002,6342.5700000000015,6343.050000000002,957.0892081523555
2026-07-02T07:00:00+00:00,6343.050000000002,6375.5700000000015,6342.050000000002,6369.0700000000015,2342
2026-07-02T08:00:00+00:00,6369.0700000000015,6383.5700000000015,6363.550000000002,6379.550000000002,1588
2026-07-02T09:00:00+00:00,6379.550000000002,6389.5700000000015,6373.550000000002,6389.0700000000015,955
2026-07-02T10:00:00+00:00,6389.0700000000015,6401.050000000002,6382.550000000002,6398.550000000002,814.2632508833922
2026-07-02T11:00:00+00:00,6398.550000000002,6410.5700000000015,6396.550000000002,6409.5700000000015,620
2026-07-02T12:00:00+00:00,6409.5700000000015,6447.5700000000015,6408.550000000002,6441.0700000000015,2663
2026-07-02T13:00:00+00:00,6441.0700000000015,6476.550000000002,6439.550000000002,6466.560000000002,1877
2026-07-02T14:00:00+00:00,6466.560000000002,6468.560000000002,6447.550000000002,6462.5700000000015,3005
2026-07-02T15:00:00+00:00,6462.5700000000015,6465.560000000002,6433.060000000002,6435.550000000002,2892
2026-07-02T16:00:00+00:00,6435.550000000002,6443.5700000000015,6423.550000000002,6425.560000000002,2029
2026-07-02T17:00:00+00:00,6425.560000000002,6426.560000000002,6408.550000000002,6409.0700000000015,1577
2026-07-02T18:00:00+00:00,6409.0700000000015,6424.060000000002,6407.5700000000015,6422.0700000000015,1196
2026-07-02T19:00:00+00:00,6422.0700000000015,6443.5700000000015,6411.550000000002,6440.6100000000015,1403
2026-07-03T06:00:00+00:00,6440.6100000000015,6474.660000000002,6440.1100000000015,6466.650000000002,483.6967495219885
2026-07-03T07:00:00+00:00,6466.650000000002,6487.150000000002,6456.140000000002,6459.660000000002,1506
2026-07-03T08:00:00+00:00,6459.660000000002,6469.160000000002,6450.140000000002,6452.160000000002,1293.4381188118812
2026-07-03T09:00:00+00:00,6452.160000000002,6465.660000000002,6448.150000000002,6462.150000000002,1146
2026-07-03T10:00:00+00:00,6462.150000000002,6470.160000000002,6459.150000000002,6469.140000000002,515
2026-07-03T11:00:00+00:00,6469.140000000002,6474.140000000002,6460.140000000002,6473.640000000002,600
2026-07-03T12:00:00+00:00,6473.640000000002,6484.160000000002,6473.640000000002,6484.140000000002,512.397416193903
2026-07-03T13:00:00+00:00,6484.140000000002,6494.160000000002,6482.640000000002,6493.150000000002,557.5552927449421
2026-07-03T14:00:00+00:00,6493.150000000002,6505.6500000000015,6489.130000000002,6504.6500000000015,420.2183113345904
2026-07-03T15:00:00+00:00,6504.6500000000015,6506.1500000000015,6494.130000000002,6495.140000000002,573.4710957501279
2026-07-03T16:00:00+00:00,6495.140000000002,6501.1500000000015,6495.130000000002,6496.130000000002,285.41850805942613
2026-07-03T17:00:00+00:00,6496.130000000002,6496.1500000000015,6493.6500000000015,6495.1500000000015,98.71370967035358
2026-07-03T18:00:00+00:00,6495.1500000000015,6496.1500000000015,6495.130000000002,6496.1500000000015,115.5050340075236
2026-07-03T19:00:00+00:00,6496.1500000000015,6499.1500000000015,6495.1500000000015,6497.6500000000015,189.57504548801816
2026-07-06T06:00:00+00:00,6497.6500000000015,6498.1500000000015,6485.700000000002,6494.700000000002,368.47536982926925
2026-07-06T07:00:00+00:00,6494.700000000002,6516.720000000002,6489.700000000002,6514.700000000002,1489
2026-07-06T08:00:00+00:00,6514.700000000002,6517.700000000002,6498.700000000002,6498.710000000002,814
2026-07-06T09:00:00+00:00,6498.710000000002,6499.710000000002,6489.700000000002,6494.220000000002,663.7083457730009
2026-07-06T10:00:00+00:00,6494.220000000002,6494.720000000002,6483.700000000002,6487.700000000002,444
2026-07-06T11:00:00+00:00,6487.700000000002,6488.720000000002,6480.200000000002,6481.700000000002,459
2026-07-06T12:00:00+00:00,6481.700000000002,6483.720000000002,6477.200000000002,6477.720000000002,535.7572181353551
2026-07-06T13:00:00+00:00,6477.720000000002,6478.700000000002,6461.700000000002,6471.710000000002,1421
2026-07-06T14:00:00+00:00,6471.710000000002,6481.220000000002,6468.700000000002,6480.200000000002,1015.9655831739962
2026-07-06T15:00:00+00:00,6480.200000000002,6487.220000000002,6469.700000000002,6482.200000000002,718
2026-07-06T16:00:00+00:00,6482.200000000002,6482.720000000002,6478.210000000002,6479.720000000002,256.3261578727532
2026-07-06T17:00:00+00:00,6479.720000000002,6485.720000000002,6476.700000000002,6480.700000000002,280.6160118606375
2026-07-06T18:00:00+00:00,6480.700000000002,6484.720000000002,6480.700000000002,6483.700000000002,189.9681207523313
2026-07-06T19:00:00+00:00,6483.700000000002,6488.710000000002,6481.700000000002,6484.260000000002,384.3932729624838
2026-07-07T06:00:00+00:00,6484.260000000002,6486.260000000002,6458.640000000002,6473.1500000000015,527.3619007220628
2026-07-07T07:00:00+00:00,6473.1500000000015,6481.640000000002,6462.640000000002,6479.1500000000015,1713
2026-07-07T08:00:00+00:00,6479.1500000000015,6483.6500000000015,6466.1500000000015,6466.1500000000015,883
2026-07-07T09:00:00+00:00,6466.1500000000015,6468.660000000002,6457.640000000002,6461.6500000000015,771
2026-07-07T10:00:00+00:00,6461.6500000000015,6465.6500000000015,6453.640000000002,6458.660000000002,566
2026-07-07T11:00:00+00:00,6458.660000000002,6459.660000000002,6444.660000000002,6450.660000000002,771.4402304368699
2026-07-07T12:00:00+00:00,6450.660000000002,6462.660000000002,6446.640000000002,6456.6500000000015,579
2026-07-07T13:00:00+00:00,6456.6500000000015,6457.660000000002,6431.640000000002,6436.640000000002,1361
2026-07-07T14:00:00+00:00,6436.640000000002,6437.660000000002,6419.140000000002,6425.1500000000015,2232
2026-07-07T15:00:00+00:00,6425.1500000000015,6425.1500000000015,6407.640000000002,6419.640000000002,1265
2026-07-07T16:00:00+00:00,6419.640000000002,6432.660000000002,6419.640000000002,6430.6500000000015,791.7076980290071
2026-07-07T17:00:00+00:00,6430.6500000000015,6433.660000000002,6426.6500000000015,6433.6500000000015,303
2026-07-07T18:00:00+00:00,6433.6500000000015,6434.6500000000015,6416.640000000002,6417.660000000002,970.5960410557185
2026-07-07T19:00:00+00:00,6417.660000000002,6418.6500000000015,6395.6500000000015,6416.190000000001,1696
2026-07-08T06:00:00+00:00,6416.190000000001,6416.190000000001,6375.840000000002,6385.8600000000015,907.9834276475344
2026-07-08T07:00:00+00:00,6385.8600000000015,6385.8600000000015,6347.840000000002,6356.840000000002,2936
2026-07-08T08:00:00+00:00,6356.840000000002,6360.8600000000015,6279.840000000002,6281.3600000000015,5931
2026-07-08T09:00:00+00:00,6281.3600000000015,6284.8600000000015,6263.850000000001,6268.8600000000015,2940
2026-07-08T10:00:00+00:00,6268.8600000000015,6291.8600000000015,6263.8600000000015,6285.340000000002,2048
2026-07-08T11:00:00+00:00,6285.340000000002,6320.850000000001,6279.8600000000015,6297.850000000001,2204
2026-07-08T12:00:00+00:00,6297.850000000001,6317.840000000002,6290.840000000002,6301.850000000001,1818
2026-07-08T13:00:00+00:00,6301.850000000001,6325.850000000001,6299.850000000001,6319.8600000000015,3312
2026-07-08T14:00:00+00:00,6319.8600000000015,6323.8600000000015,6292.840000000002,6299.840000000002,4400.541511522592
2026-07-08T15:00:00+00:00,6299.840000000002,6300.820000000002,6270.820000000002,6286.340000000002,2058
2026-07-08T16:00:00+00:00,6286.340000000002,6326.830000000002,6285.340000000002,6326.320000000002,1894
2026-07-08T17:00:00+00:00,6326.320000000002,6328.320000000002,6316.340000000002,6318.820000000002,768
2026-07-08T18:00:00+00:00,6318.820000000002,6329.820000000002,6316.330000000002,6323.820000000002,1146
2026-07-08T19:00:00+00:00,6323.820000000002,6331.840000000002,6317.820000000002,6329.880000000002,1135
2026-07-09T06:00:00+00:00,6329.880000000002,6355.350000000002,6329.380000000002,6340.830000000002,687.192265638321
2026-07-09T07:00:00+00:00,6340.830000000002,6350.350000000002,6330.330000000002,6334.350000000002,1698
2026-07-09T08:00:00+00:00,6334.350000000002,6342.840000000002,6319.330000000002,6323.330000000002,1199
2026-07-09T09:00:00+00:00,6323.330000000002,6326.350000000002,6311.330000000002,6325.350000000002,1049
2026-07-09T10:00:00+00:00,6325.350000000002,6330.350000000002,6310.330000000002,6318.850000000002,1135
2026-07-09T11:00:00+00:00,6318.850000000002,6335.840000000002,6316.330000000002,6333.340000000002,974
2026-07-09T12:00:00+00:00,6333.340000000002,6347.350000000002,6330.330000000002,6341.850000000002,885
2026-07-09T13:00:00+00:00,6341.850000000002,6364.350000000002,6341.850000000002,6358.850000000002,1355
2026-07-09T14:00:00+00:00,6358.850000000002,6363.340000000002,6346.330000000002,6359.340000000002,2265
2026-07-09T15:00:00+00:00,6359.340000000002,6370.830000000002,6358.340000000002,6362.850000000002,860
2026-07-09T16:00:00+00:00,6362.850000000002,6369.350000000002,6362.330000000002,6364.330000000002,352.4146341463414
2026-07-09T17:00:00+00:00,6364.330000000002,6376.350000000002,6364.330000000002,6373.340000000002,316.2549038531272
2026-07-09T18:00:00+00:00,6373.340000000002,6374.840000000002,6362.330000000002,6365.350000000002,293.01389804673784
2026-07-09T19:00:00+00:00,6365.350000000002,6365.840000000002,6354.340000000002,6361.900000000002,379.73686066613345
2026-07-10T06:00:00+00:00,6361.900000000002,6367.140000000002,6355.120000000003,6360.120000000003,536.3037593984963
2026-07-10T07:00:00+00:00,6360.120000000003,6373.140000000002,6350.120000000003,6357.620000000003,1654
2026-07-10T08:00:00+00:00,6357.620000000003,6367.640000000002,6345.630000000002,6349.140000000002,817
2026-07-10T09:00:00+00:00,6349.140000000002,6364.130000000002,6344.120000000003,6357.640000000002,822
2026-07-10T10:00:00+00:00,6357.640000000002,6369.640000000002,6357.140000000002,6362.640000000002,580
2026-07-10T11:00:00+00:00,6362.640000000002,6367.140000000002,6353.120000000003,6356.120000000003,521
2026-07-10T12:00:00+00:00,6356.120000000003,6378.640000000002,6349.120000000003,6358.640000000002,1163
2026-07-10T13:00:00+00:00,6358.640000000002,6368.140000000002,6352.620000000003,6359.130000000002,1240.7483282674773
2026-07-10T14:00:00+00:00,6359.130000000002,6365.130000000002,6320.130000000002,6350.120000000003,3033.062229548733
2026-07-10T15:00:00+00:00,6350.120000000003,6357.620000000003,6343.600000000003,6354.600000000003,1323
2026-07-10T16:00:00+00:00,6354.600000000003,6367.610000000002,6354.600000000003,6366.600000000003,353
2026-07-10T17:00:00+00:00,6366.600000000003,6372.620000000003,6364.620000000003,6368.620000000003,186.46313558756086
2026-07-10T18:00:00+00:00,6368.620000000003,6372.620000000003,6367.600000000003,6369.600000000003,232.70277006598036
2026-07-10T19:00:00+00:00,6369.600000000003,6371.120000000003,6363.600000000003,6364.660000000003,302.23538301434326
2026-07-13T06:00:00+00:00,6364.660000000003,6369.660000000003,6303.330000000003,6324.850000000003,1048.585337915235
2026-07-13T07:00:00+00:00,6324.850000000003,6353.350000000003,6324.830000000003,6349.840000000003,2373
2026-07-13T08:00:00+00:00,6349.840000000003,6369.350000000003,6346.340000000003,6369.350000000003,1431
2026-07-13T09:00:00+00:00,6369.350000000003,6374.350000000003,6360.330000000003,6371.850000000003,644
2026-07-13T10:00:00+00:00,6371.850000000003,6372.850000000003,6354.850000000003,6362.340000000003,649
2026-07-13T11:00:00+00:00,6362.340000000003,6375.830000000003,6362.330000000003,6363.340000000003,931
2026-07-13T12:00:00+00:00,6363.340000000003,6367.350000000003,6347.340000000003,6366.350000000003,946
2026-07-13T13:00:00+00:00,6366.350000000003,6373.350000000003,6356.330000000003,6371.840000000003,1963
2026-07-13T14:00:00+00:00,6371.840000000003,6374.340000000003,6330.330000000003,6365.350000000003,4512
2026-07-13T15:00:00+00:00,6365.350000000003,6366.350000000003,6354.330000000003,6355.350000000003,1410
2026-07-13T16:00:00+00:00,6355.350000000003,6359.350000000003,6334.330000000003,6340.340000000003,2006
2026-07-13T17:00:00+00:00,6340.340000000003,6349.350000000003,6332.330000000003,6332.330000000003,977
2026-07-13T18:00:00+00:00,6332.330000000003,6337.350000000003,6326.330000000003,6333.350000000003,1014
2026-07-13T19:00:00+00:00,6333.350000000003,6336.350000000003,6322.350000000003,6332.380000000003,1005.4400968132311
2026-07-14T06:00:00+00:00,6332.380000000003,6345.020000000002,6316.500000000003,6317.020000000002,816.1243329054921
2026-07-14T07:00:00+00:00,6317.020000000002,6343.020000000002,6309.500000000003,6325.000000000003,4060
2026-07-14T08:00:00+00:00,6325.000000000003,6333.020000000002,6314.010000000003,6317.020000000002,2660
2026-07-14T09:00:00+00:00,6317.020000000002,6339.020000000002,6315.000000000003,6334.500000000003,1621
2026-07-14T10:00:00+00:00,6334.500000000003,6340.010000000003,6320.500000000003,6326.510000000003,1491
2026-07-14T11:00:00+00:00,6326.510000000003,6340.000000000003,6318.000000000003,6332.020000000002,2620
2026-07-14T12:00:00+00:00,6332.020000000002,6372.020000000002,6322.500000000003,6347.010000000003,3744
2026-07-14T13:00:00+00:00,6347.010000000003,6380.020000000002,6345.000000000003,6379.020000000002,3862
2026-07-14T14:00:00+00:00,6379.020000000002,6398.520000000002,6356.010000000003,6373.010000000003,5270
2026-07-14T15:00:00+00:00,6373.010000000003,6389.020000000002,6364.000000000003,6367.000000000003,2855
2026-07-14T16:00:00+00:00,6367.000000000003,6372.010000000003,6363.000000000003,6372.000000000003,1545
2026-07-14T17:00:00+00:00,6372.000000000003,6375.020000000002,6368.000000000003,6368.010000000003,473
2026-07-14T18:00:00+00:00,6368.010000000003,6370.020000000002,6360.000000000003,6364.010000000003,461.9872468117029
2026-07-14T19:00:00+00:00,6364.010000000003,6364.020000000002,6355.500000000003,6359.550000000003,750
2026-07-15T06:00:00+00:00,6359.550000000003,6396.380000000003,6358.550000000003,6395.870000000003,947.1480225743119
2026-07-15T07:00:00+00:00,6395.870000000003,6397.360000000002,6362.360000000002,6381.380000000003,2638
2026-07-15T08:00:00+00:00,6381.380000000003,6386.380000000003,6371.370000000003,6383.370000000003,1402
2026-07-15T09:00:00+00:00,6383.370000000003,6395.380000000003,6372.860000000002,6374.360000000002,792
2026-07-15T10:00:00+00:00,6374.360000000002,6383.380000000003,6367.380000000003,6368.880000000003,1035
2026-07-15T11:00:00+00:00,6368.880000000003,6378.880000000003,6361.360000000002,6376.360000000002,776
2026-07-15T12:00:00+00:00,6376.360000000002,6387.360000000002,6370.370000000003,6383.880000000003,1062
2026-07-15T13:00:00+00:00,6383.880000000003,6389.370000000003,6358.380000000003,6376.380000000003,2623
2026-07-15T14:00:00+00:00,6376.380000000003,6379.380000000003,6361.360000000002,6374.870000000003,2671.2138992221844
2026-07-15T15:00:00+00:00,6374.870000000003,6375.850000000002,6359.850000000002,6360.360000000002,1771
2026-07-15T16:00:00+00:00,6360.360000000002,6360.870000000003,6336.360000000002,6351.870000000003,1379
2026-07-15T17:00:00+00:00,6351.870000000003,6376.870000000003,6351.850000000002,6373.850000000002,494.5894568690096
2026-07-15T18:00:00+00:00,6373.850000000002,6378.870000000003,6369.870000000003,6370.850000000002,338.75331338178705
2026-07-15T19:00:00+00:00,6370.850000000002,6379.920000000003,6367.350000000002,6379.920000000003,699
2026-07-16T06:00:00+00:00,6379.920000000003,6400.460000000003,6377.970000000003,6392.960000000003,1531.803146430012
2026-07-16T07:00:00+00:00,6392.960000000003,6394.480000000002,6342.460000000003,6346.970000000003,2057
2026-07-16T08:00:00+00:00,6346.970000000003,6362.980000000002,6338.960000000003,6360.960000000003,1895
2026-07-16T09:00:00+00:00,6360.960000000003,6372.460000000003,6346.460000000003,6350.480000000002,1041
2026-07-16T10:00:00+00:00,6350.480000000002,6351.970000000003,6337.470000000003,6343.480000000002,1121
2026-07-16T11:00:00+00:00,6343.480000000002,6344.480000000002,6306.960000000003,6329.470000000003,2012
2026-07-16T12:00:00+00:00,6329.470000000003,6334.980000000002,6313.460000000003,6320.470000000003,1723
2026-07-16T13:00:00+00:00,6320.470000000003,6345.460000000003,6318.480000000002,6343.470000000003,2311
2026-07-16T14:00:00+00:00,6343.470000000003,6362.480000000002,6342.960000000003,6361.460000000003,1982
2026-07-16T15:00:00+00:00,6361.460000000003,6389.460000000003,6360.460000000003,6377.980000000002,1274
2026-07-16T16:00:00+00:00,6377.980000000002,6377.980000000002,6361.460000000003,6376.970000000003,1371
2026-07-16T17:00:00+00:00,6376.970000000003,6376.980000000002,6364.960000000003,6366.470000000003,560
2026-07-16T18:00:00+00:00,6366.470000000003,6371.480000000002,6360.460000000003,6362.480000000002,863
2026-07-16T19:00:00+00:00,6362.480000000002,6365.480000000002,6349.460000000003,6362.520000000002,1147
2026-07-17T06:00:00+00:00,6362.520000000002,6365.520000000002,6312.680000000003,6327.180000000003,1164.7375
2026-07-17T07:00:00+00:00,6327.180000000003,6343.700000000003,6318.680000000003,6336.200000000003,2187
2026-07-17T08:00:00+00:00,6336.200000000003,6346.700000000003,6306.200000000003,6318.680000000003,2793
2026-07-17T09:00:00+00:00,6318.680000000003,6321.190000000002,6303.680000000003,6315.200000000003,1663
2026-07-17T10:00:00+00:00,6315.200000000003,6343.690000000002,6311.190000000002,6333.680000000003,1226
2026-07-17T11:00:00+00:00,6333.680000000003,6337.700000000003,6321.680000000003,6332.680000000003,920
2026-07-17T12:00:00+00:00,6332.680000000003,6334.690000000002,6319.180000000003,6322.680000000003,757
2026-07-17T13:00:00+00:00,6322.680000000003,6323.700000000003,6297.680000000003,6323.700000000003,3649
2026-07-17T14:00:00+00:00,6323.700000000003,6327.700000000003,6312.180000000003,6322.190000000002,2850
2026-07-17T15:00:00+00:00,6322.190000000002,6351.700000000003,6315.690000000002,6351.680000000003,1607
2026-07-17T16:00:00+00:00,6351.680000000003,6352.690000000002,6334.680000000003,6345.200000000003,1587
2026-07-17T17:00:00+00:00,6345.200000000003,6353.700000000003,6333.680000000003,6334.680000000003,774
2026-07-17T18:00:00+00:00,6334.680000000003,6337.700000000003,6325.700000000003,6331.700000000003,1023
2026-07-17T19:00:00+00:00,6331.700000000003,6340.700000000003,6315.690000000002,6334.2400000000025,1279
2026-07-20T06:00:00+00:00,6334.2400000000025,6335.2400000000025,6306.380000000003,6316.390000000003,846.6910435497124
2026-07-20T07:00:00+00:00,6316.390000000003,6356.900000000002,6314.890000000003,6345.390000000003,3325
2026-07-20T08:00:00+00:00,6345.390000000003,6355.900000000002,6339.890000000003,6347.880000000003,1264.2937931034483
2026-07-20T09:00:00+00:00,6347.880000000003,6359.400000000002,6338.880000000003,6350.900000000002,851.0342366681064
2026-07-20T10:00:00+00:00,6350.900000000002,6351.890000000003,6324.880000000003,6337.900000000002,993
2026-07-20T11:00:00+00:00,6337.900000000002,6369.380000000003,6336.880000000003,6362.400000000002,3000
2026-07-20T12:00:00+00:00,6362.400000000002,6362.880000000003,6333.880000000003,6336.380000000003,2009
2026-07-20T13:00:00+00:00,6336.380000000003,6344.900000000002,6318.890000000003,6324.890000000003,1918
2026-07-20T14:00:00+00:00,6324.890000000003,6338.900000000002,6319.900000000002,6330.880000000003,2510
2026-07-20T15:00:00+00:00,6330.880000000003,6343.900000000002,6323.880000000003,6333.400000000002,2004
2026-07-20T16:00:00+00:00,6333.400000000002,6341.900000000002,6315.890000000003,6324.880000000003,1669
2026-07-20T17:00:00+00:00,6324.880000000003,6326.900000000002,6313.880000000003,6317.890000000003,957
2026-07-20T18:00:00+00:00,6317.890000000003,6322.900000000002,6299.880000000003,6303.880000000003,1285
2026-07-20T19:00:00+00:00,6303.880000000003,6306.900000000002,6290.380000000003,6295.950000000003,1451
2026-07-21T06:00:00+00:00,6295.950000000003,6347.340000000003,6294.950000000003,6346.330000000003,843.4951856946354
2026-07-21T07:00:00+00:00,6346.330000000003,6372.340000000003,6343.320000000002,6358.340000000003,2842
2026-07-21T08:00:00+00:00,6358.340000000003,6368.330000000003,6352.320000000002,6362.840000000003,1459
2026-07-21T09:00:00+00:00,6362.840000000003,6381.820000000002,6362.320000000002,6374.340000000003,1009.7698630136986
2026-07-21T10:00:00+00:00,6374.340000000003,6385.340000000003,6373.320000000002,6373.330000000003,1504
2026-07-21T11:00:00+00:00,6373.330000000003,6376.330000000003,6359.320000000002,6362.340000000003,970
2026-07-21T12:00:00+00:00,6362.340000000003,6366.340000000003,6345.320000000002,6361.320000000002,1484
2026-07-21T13:00:00+00:00,6361.320000000002,6362.330000000003,6342.320000000002,6345.820000000002,2318.6699629171817
2026-07-21T14:00:00+00:00,6345.820000000002,6376.340000000003,6345.320000000002,6375.820000000002,1769
2026-07-21T15:00:00+00:00,6375.820000000002,6393.320000000002,6371.320000000002,6388.340000000003,1173
2026-07-21T16:00:00+00:00,6388.340000000003,6398.320000000002,6388.320000000002,6394.320000000002,442.9550863723608
2026-07-21T17:00:00+00:00,6394.320000000002,6397.340000000003,6392.820000000002,6395.340000000003,507.3016069221261
2026-07-21T18:00:00+00:00,6395.340000000003,6399.330000000003,6393.320000000002,6396.330000000003,397.58590224871136
2026-07-21T19:00:00+00:00,6396.330000000003,6400.340000000003,6393.320000000002,6399.390000000003,433
2026-07-22T06:00:00+00:00,6399.390000000003,6400.890000000003,6367.480000000002,6367.980000000002,884.6882661996498
2026-07-22T07:00:00+00:00,6367.980000000002,6384.4900000000025,6356.4900000000025,6378.980000000002,2692
2026-07-22T08:00:00+00:00,6378.980000000002,6417.500000000003,6378.480000000002,6417.500000000003,1652
2026-07-22T09:00:00+00:00,6417.500000000003,6433.000000000003,6398.480000000002,6408.480000000002,1463
2026-07-22T10:00:00+00:00,6408.480000000002,6430.500000000003,6407.980000000002,6413.000000000003,1508
2026-07-22T11:00:00+00:00,6413.000000000003,6413.000000000003,6392.4900000000025,6399.500000000003,2066
2026-07-22T12:00:00+00:00,6399.500000000003,6420.4900000000025,6396.500000000003,6411.980000000002,1462
2026-07-22T13:00:00+00:00,6411.980000000002,6433.500000000003,6411.4900000000025,6430.9900000000025,1611
2026-07-22T14:00:00+00:00,6430.9900000000025,6431.500000000003,6419.4900000000025,6424.4900000000025,1431
2026-07-22T15:00:00+00:00,6424.4900000000025,6434.500000000003,6419.000000000003,6433.480000000002,811
2026-07-22T16:00:00+00:00,6433.480000000002,6434.4900000000025,6420.480000000002,6432.500000000003,465
2026-07-22T17:00:00+00:00,6432.500000000003,6434.4900000000025,6426.500000000003,6426.500000000003,559
2026-07-22T18:00:00+00:00,6426.500000000003,6427.500000000003,6418.000000000003,6421.480000000002,522.9884539362972
2026-07-22T19:00:00+00:00,6421.480000000002,6423.500000000003,6414.980000000002,6415.540000000003,463.3817080401069
2026-07-23T06:00:00+00:00,6415.540000000003,6416.540000000003,6398.700000000003,6399.720000000003,645.75759150411
2026-07-23T07:00:00+00:00,6399.720000000003,6402.220000000003,6354.200000000003,6374.710000000003,3617
2026-07-23T08:00:00+00:00,6374.710000000003,6389.710000000003,6367.700000000003,6381.200000000003,2059
2026-07-23T09:00:00+00:00,6381.200000000003,6394.720000000003,6361.200000000003,6362.720000000003,1527
2026-07-23T10:00:00+00:00,6362.720000000003,6374.710000000003,6353.700000000003,6370.710000000003,1312
2026-07-23T11:00:00+00:00,6370.710000000003,6371.220000000003,6345.710000000003,6359.710000000003,1589
2026-07-23T12:00:00+00:00,6359.710000000003,6360.710000000003,6319.700000000003,6322.210000000003,2542
2026-07-23T13:00:00+00:00,6322.210000000003,6333.720000000003,6305.210000000003,6316.720000000003,3831
2026-07-23T14:00:00+00:00,6316.720000000003,6331.720000000003,6309.710000000003,6319.210000000003,4222
2026-07-23T15:00:00+00:00,6319.210000000003,6319.720000000003,6295.700000000003,6318.710000000003,2765
2026-07-23T16:00:00+00:00,6318.710000000003,6334.700000000003,6317.700000000003,6322.710000000003,1696
2026-07-23T17:00:00+00:00,6322.710000000003,6323.710000000003,6308.710000000003,6308.720000000003,1529
2026-07-23T18:00:00+00:00,6308.720000000003,6311.720000000003,6303.700000000003,6307.710000000003,1445
2026-07-23T19:00:00+00:00,6307.710000000003,6314.720000000003,6299.210000000003,6312.760000000003,892
2026-07-24T06:00:00+00:00,6312.760000000003,6315.480000000002,6292.470000000003,6306.4900000000025,991.3143451143451
2026-07-24T07:00:00+00:00,6306.4900000000025,6353.480000000002,6304.470000000003,6341.9900000000025,2459
2026-07-24T08:00:00+00:00,6341.9900000000025,6361.4900000000025,6335.470000000003,6352.9900000000025,1358
2026-07-24T09:00:00+00:00,6352.9900000000025,6367.4900000000025,6350.470000000003,6363.9900000000025,1214
2026-07-24T10:00:00+00:00,6363.9900000000025,6365.470000000003,6353.480000000002,6355.980000000002,688
2026-07-24T11:00:00+00:00,6355.980000000002,6362.4900000000025,6342.470000000003,6357.4900000000025,1290
2026-07-24T12:00:00+00:00,6357.4900000000025,6364.480000000002,6343.970000000003,6345.4900000000025,1127
2026-07-24T13:00:00+00:00,6345.4900000000025,6362.4900000000025,6343.470000000003,6347.480000000002,1891
2026-07-24T14:00:00+00:00,6347.480000000002,6361.4900000000025,6343.470000000003,6359.4900000000025,2790
2026-07-24T15:00:00+00:00,6359.4900000000025,6392.4900000000025,6353.470000000003,6389.970000000003,2555
2026-07-24T16:00:00+00:00,6389.970000000003,6395.4900000000025,6379.970000000003,6386.470000000003,932
2026-07-24T17:00:00+00:00,6386.470000000003,6390.480000000002,6372.470000000003,6381.470000000003,1150
2026-07-24T18:00:00+00:00,6381.470000000003,6384.480000000002,6362.4900000000025,6367.470000000003,980
2026-07-24T19:00:00+00:00,6367.470000000003,6369.4900000000025,6356.470000000003,6368.520000000002,1112
2026-07-27T06:00:00+00:00,6368.520000000002,6455.180000000003,6368.020000000002,6443.680000000003,670.0727949149002
2026-07-27T07:00:00+00:00,6443.680000000003,6454.680000000003,6436.660000000003,6436.660000000003,1828
2026-07-27T08:00:00+00:00,6436.660000000003,6466.660000000003,6431.160000000003,6465.680000000003,1223
2026-07-27T09:00:00+00:00,6465.680000000003,6466.680000000003,6458.160000000003,6461.670000000003,768.2429378531074
2026-07-27T10:00:00+00:00,6461.670000000003,6473.180000000003,6457.160000000003,6469.170000000003,678
2026-07-27T11:00:00+00:00,6469.170000000003,6473.660000000003,6465.160000000003,6468.660000000003,748
2026-07-27T12:00:00+00:00,6468.660000000003,6470.660000000003,6456.160000000003,6464.680000000003,980
2026-07-27T13:00:00+00:00,6464.680000000003,6466.680000000003,6425.170000000003,6427.180000000003,1482
2026-07-27T14:00:00+00:00,6427.180000000003,6431.170000000003,6400.160000000003,6420.180000000003,2345
2026-07-27T15:00:00+00:00,6420.180000000003,6421.180000000003,6386.170000000003,6391.670000000003,1756
2026-07-27T16:00:00+00:00,6391.670000000003,6412.170000000003,6388.660000000003,6392.170000000003,1642
2026-07-27T17:00:00+00:00,6392.170000000003,6404.180000000003,6387.180000000003,6403.670000000003,881
2026-07-27T18:00:00+00:00,6403.670000000003,6412.180000000003,6396.670000000003,6411.680000000003,1039
2026-07-27T19:00:00+00:00,6411.680000000003,6420.680000000003,6410.160000000003,6415.710000000003,676
2026-07-28T06:00:00+00:00,6415.710000000003,6418.710000000003,6390.540000000003,6401.550000000003,967.1547344110854
2026-07-28T07:00:00+00:00,6401.550000000003,6423.560000000002,6391.560000000002,6396.050000000003,2681
2026-07-28T08:00:00+00:00,6396.050000000003,6414.550000000003,6390.050000000003,6403.540000000003,2040
2026-07-28T09:00:00+00:00,6403.540000000003,6414.560000000002,6400.550000000003,6407.540000000003,778
2026-07-28T10:00:00+00:00,6407.540000000003,6409.550000000003,6386.540000000003,6390.040000000003,1118
2026-07-28T11:00:00+00:00,6390.040000000003,6392.550000000003,6369.540000000003,6380.540000000003,1472
2026-07-28T12:00:00+00:00,6380.540000000003,6386.550000000003,6368.540000000003,6370.560000000002,1166
2026-07-28T13:00:00+00:00,6370.560000000002,6380.560000000002,6361.050000000003,6376.060000000002,2283
2026-07-28T14:00:00+00:00,6376.060000000002,6392.560000000002,6375.560000000002,6380.040000000003,2935
2026-07-28T15:00:00+00:00,6380.040000000003,6412.560000000002,6372.560000000002,6412.060000000002,2216
2026-07-28T16:00:00+00:00,6412.060000000002,6418.550000000003,6404.040000000003,6416.560000000002,798
2026-07-28T17:00:00+00:00,6416.560000000002,6418.540000000003,6403.550000000003,6405.550000000003,1208
2026-07-28T18:00:00+00:00,6405.550000000003,6411.540000000003,6402.540000000003,6410.560000000002,827.8891131862558
2026-07-28T19:00:00+00:00,6410.560000000002,6419.560000000002,6407.550000000003,6408.110000000002,557
2026-07-29T06:00:00+00:00,6408.110000000002,6408.610000000002,6379.410000000003,6403.900000000002,764.4724238026124
2026-07-29T07:00:00+00:00,6403.900000000002,6409.400000000002,6366.400000000002,6370.400000000002,2204
2026-07-29T08:00:00+00:00,6370.400000000002,6373.410000000003,6338.900000000002,6362.900000000002,2078
2026-07-29T09:00:00+00:00,6362.900000000002,6366.420000000003,6350.400000000002,6360.920000000003,1658
2026-07-29T10:00:00+00:00,6360.920000000003,6369.910000000003,6355.410000000003,6358.920000000003,1452
2026-07-29T11:00:00+00:00,6358.920000000003,6379.430000000003,6357.420000000003,6378.930000000003,1087
2026-07-29T12:00:00+00:00,6378.930000000003,6383.420000000003,6350.420000000003,6365.420000000003,2202
2026-07-29T13:00:00+00:00,6365.420000000003,6375.430000000003,6354.410000000003,6363.410000000003,2518
2026-07-29T14:00:00+00:00,6363.410000000003,6370.430000000003,6340.920000000003,6348.930000000003,3040
2026-07-29T15:00:00+00:00,6348.930000000003,6358.420000000003,6338.420000000003,6340.930000000003,1959
2026-07-29T16:00:00+00:00,6340.930000000003,6354.430000000003,6334.430000000003,6354.430000000003,2150
2026-07-29T17:00:00+00:00,6354.430000000003,6370.420000000003,6353.410000000003,6367.930000000003,1511
2026-07-29T18:00:00+00:00,6367.930000000003,6405.430000000003,6362.430000000003,6403.420000000003,6537
2026-07-29T19:00:00+00:00,6403.420000000003,6407.410000000003,6329.970000000003,6335.970000000003,5507
2026-07-30T06:00:00+00:00,6335.970000000003,6360.910000000003,6333.470000000003,6350.900000000002,1616.6072793457406
2026-07-30T07:00:00+00:00,6350.900000000002,6383.420000000003,6341.900000000002,6366.410000000003,4231
2026-07-30T08:00:00+00:00,6366.410000000003,6392.900000000002,6359.910000000003,6378.910000000003,2836
2026-07-30T09:00:00+00:00,6378.910000000003,6398.420000000003,6377.400000000002,6377.910000000003,1671
2026-07-30T10:00:00+00:00,6377.910000000003,6402.400000000002,6374.900000000002,6392.920000000003,1373
2026-07-30T11:00:00+00:00,6392.920000000003,6417.920000000003,6392.400000000002,6412.420000000003,1023
2026-07-30T12:00:00+00:00,6412.420000000003,6417.410000000003,6402.410000000003,6415.420000000003,1766
2026-07-30T13:00:00+00:00,6415.420000000003,6447.420000000003,6415.420000000003,6444.420000000003,2422
2026-07-30T14:00:00+00:00,6444.420000000003,6460.420000000003,6437.410000000003,6448.400000000002,1625
2026-07-30T15:00:00+00:00,6448.400000000002,6451.410000000003,6432.900000000002,6447.420000000003,1679
2026-07-30T16:00:00+00:00,6447.420000000003,6452.420000000003,6444.400000000002,6449.420000000003,905
2026-07-30T17:00:00+00:00,6449.420000000003,6460.420000000003,6449.420000000003,6455.410000000003,661
2026-07-30T18:00:00+00:00,6455.410000000003,6458.420000000003,6452.400000000002,6458.410000000003,385
2026-07-30T19:00:00+00:00,6458.410000000003,6469.410000000003,6458.410000000003,6467.470000000003,567
2026-07-31T06:00:00+00:00,6467.470000000003,6494.670000000003,6466.470000000003,6479.150000000002,558.0487421383648
2026-07-31T07:00:00+00:00,6479.150000000002,6524.670000000003,6470.650000000002,6520.170000000003,3019
2026-07-31T08:00:00+00:00,6520.170000000003,6526.670000000003,6509.660000000003,6515.160000000003,2016
2026-07-31T09:00:00+00:00,6515.160000000003,6520.170000000003,6502.160000000003,6507.650000000002,1279
2026-07-31T10:00:00+00:00,6507.650000000002,6513.670000000003,6502.650000000002,6507.150000000002,1049
2026-07-31T11:00:00+00:00,6507.150000000002,6512.670000000003,6486.150000000002,6494.650000000002,1534
2026-07-31T12:00:00+00:00,6494.650000000002,6494.650000000002,6474.650000000002,6476.150000000002,1340
2026-07-31T13:00:00+00:00,6476.150000000002,6483.670000000003,6445.660000000003,6448.670000000003,2693
2026-07-31T14:00:00+00:00,6448.670000000003,6475.170000000003,6435.650000000002,6475.170000000003,3542
2026-07-31T15:00:00+00:00,6475.170000000003,6481.660000000003,6448.650000000002,6469.670000000003,1863.8975551709218
2026-07-31T16:00:00+00:00,6469.670000000003,6473.670000000003,6460.170000000003,6470.160000000003,1165.4962573336031
2026-07-31T17:00:00+00:00,6470.160000000003,6479.650000000002,6468.650000000002,6470.650000000002,822
2026-07-31T18:00:00+00:00,6470.650000000002,6476.670000000003,6469.650000000002,6471.160000000003,560
2026-07-31T19:00:00+00:00,6471.160000000003,6484.670000000003,6467.150000000002,6469.200000000003,864
